justsaiyan,86
Seiko,85
hunterace,80
Tyler,72
Monsanto,70
bloodyface,68
承泰不要,68
Casie,67
Fenomeno,66
Kalàxz,65
Jarla,64
Bozzzton,59
muzzy,59
Swidz,62
seohyun628,59
RENMEN,54
Elfandor,53
Amnesiac,52
Hi3,51
Zuhex,51
Hatul,49
Definition,54
BoarControl,53
ETC,52
MM78,49
Ryvius,49
Taesang,49
blitzchung,48
Maur1,48
PNC,48
Zyrios,48
Jengo,47
SwaggyG,47
Gyong,46
lnguagehackr,46
mikolop,46
Sintolol,46
tom60229,46
Viper,46
Alan870806,45
Hoej,45
Kribo,45
Machamp,45
Sooni,45
strikeright,45
TechnoGoose,46
FroStee,45
Meati,45
Snoodyboo,45
내게로와,45
dawido,44
Gallon,44
Xixo,44
Akumaker,43
kolmari,43
Ostkaka,43
Zamos,43
Cydonia,42
Eclipse,42
Faeli,42
Kowsai,43
Felkeine,42
GeneraL,42
Impact,42
Moyen,42
Orange,42
Portia,42
posesi,42
Purple,42
Roger,42
Shaxy,42
Dizdemon,41
Kalas,42
MrLovalova,42
Rase,42
あれっくす,42
撒旦降臨,42
Lii,41
Silvors,41
SirSalty,41
Tars,41
Vardu,41
Yogg,41
Bunnyhoppor,40
Crane333,40
Fled,40
Florindo,40
fzmushko,40
Lucken,41
NoName,40
pianolkiller,40
s8ris,40
ThijsNL,40
Xeno,40
zlsjs,40
A83650,39
Amazing,39
FreddyB,39
Furyhunter,39
ThunderUP,40
Athanas,39
DarkBeef,39
Dimasik,39
eilic,39
exigo,39
Findan,39
Fungggg,39
glory,39
Hawkeye,39
iNS4NE,39
Jay,39
MissPeace,39
Theo,39
Trec,39
DacCarp,38
DacMalza,38
Kuonet,38
Jobsad,39
kevin,39
Martyr,39
matsup,39
Maverick,39
Savvat,39
Tansoku,39
Thomerio,39
ulza8102,39
Windello,39
물리왕,39
Tredsred,38
DeadDraw,37
katsucurry,37
MCweifu,37
Pan,37
山下智久,37
aqua,36
Charon,36
CitizenNappa,36
cocosasa,36
Cosmo,36
Duelist,36
Ender,36
Enrico,36
FibEli3,36
FuF,36
Hearthstoner,36
horo,36
lambyseries,36
LastHopelolz,36
MaRu,36
ntR,36
Sequinox,36
honbee,36
Janetzky,36
KiRu,36
Kolento,36
maxchen,36
MegaGliscor,36
NAGON,36
Neirea,36
okasinnsuke,36
Player671,36
Rostyslav,36
Ruby,36
SamuelTsao,36
serra,36
Steelo,36
Surrender,36
TIZS,36
TypoVampire,36
xBlyzes,36
Yisoo,36
にん,36
뚜치뚜치,36
NaviOOT,35
Tincho,35
Hypno,34
kin0531,34
Tail,34
DocPwn,35
tholwmenos,34
香菇奾汁,34
deathstarV3,33
kuroma,33
Level9001,33
HotMEOWTH,31
Activelee,30
Haze,33
INER,33
Turna,33
YellowDeath,33
Zaguios,33
zoroark,33
거북이,33
설다비,33
garubor,32
caravaggio8,31
MJM,31
Nalguidan,31
ADU,30
Ant,30
cowboys367,30
DeathBoose,30
dog,30
Plantz,30
Apxvoid,30
baniboy,30
DK07,30
eg99,30
Firebat,30
Gaboumme,30
gyu,30
Jakaso27,30
killinallday,30
Leomane,30
LuigEzz,30
NoodLe,30
Qwerty97,30
Rami94,30
SargentoSC,30
takas,30
UchihaSaske,30
Kevor24,29
TheBigMac,29
Картошечка,29
SmokedSalmon,30
SoLegit,30
tenergy,30
topopablo11,30
XiaoDai,30
Zananananan,30
Zarathustra,30
Zeh,30
Kaperson,29
noblord,29
OCROPOID,29
AKAWonder,28
Asura,28
bobbyex,28
Che0nsu,28
Flamekilla,28
Guiyze,28
heisnotaxel,28
Jakattack,28
MasCa,28
rayC,28
SamDi,28
Chosen,28
Fibonacci,28
Fr0zen,28
GreenSheep,28
Ike,28
Joaquin,28
Klei,28
N0lan,28
sjow,28
Starfruit,28
Tarei,28
WhoBlie,28
Lucas,27
thegamer97,28
Villain,28
Archerknight,27
Bacco,27
Cesky,27
Cucca,27
DevilMat,27
Glasnost,27
hqr,27
HSKeDaiBiao,27
Incurro,27
introdub,27
J4YOU,27
Jonahrah,27
Justine,27
levik,27
LostHead,27
mario18599,27
MATSURI,27
seiger,27
Arrowy,25
matuunn,27
PapaJason,27
Raeff,27
Rdu,27
Sjoesie,27
SnipedAgain,27
SoleniumSol,27
Teban,27
WoT,27
ЯркийМолот,27
おーじー,27
한강,27
瘋狂貓客,27
Felzak,26
mishail,26
AllanPogi,25
BlessTheFall,25
DimitriKazov,25
Doffyduff,25
Hadeson,25
Jesuisbob,25
LikeuGirl,25
Perna,25
Tomas,25
MegaManMusic,24
matff,25
Mina,25
Montanaz0r,25
Rezdan,25
Seniorheld,25
Thwart,25
TIMONSC,25
zumpp,25
즐디,25
Bèp92,24
ChaboDennis,24
CheeseHead,24
curry,24
ElMaestro,24
Rage,24
riku97,24
Sezoklo,24
Virtual,24
Kycoo,23
Triton,23
Uberer,23
EllenPage,22
えんちゃび,24
발레스트라,24
gaby59,23
Insom,23
Metalic,23
Rikitikitavi,23
Sotrosca,23
Taeyeon,23
딜러골드면한조함,23
청포도봉봉,23
AlxJan7,22
Anatkh,22
b787,22
DawN,22
DEHP,22
esteban,22
Excelia,22
Faerthos,22
Ginky,21
GamerRvg,22
GooGieMoNA,22
Machbe,22
Moon,22
Narina,22
Offerrall,22
poko,22
SCACC,22
shoop,22
Swordmaster,22
Valenash,22
로좀,22
麻煩,22
Babon,21
BeNice,21
ChatonBrutal,21
DTolm,21
Electrify,21
Empanizado,21
Enmei,21
FullmetalD,21
Juristis,21
Lokyin,21
Mitsuhide,21
TheMaverick,21
TNTfire,21
Floki,20
gle,20
pokrovac,20
Ness,21
NoHandsGamer,21
patoyao,21
Ryan223437,21
trahison,21
VirtuozZ,21
Zalae,21
Zeeland,21
Baumgott,20
KRACUBO,20
mariellino,20
Matty,20
pavloshunter,20
Sonagi,20
Tenacious,20
Treserget,20
xenon,20
こま,20
中壢邰智源,20
奪命澐,20
我的大鵬鳥,20
AfterForever,19
Albertus,19
catinthehat,19
Collinna,19
Dalesom,19
DrJikininki,19
Enori,19
Eógan,19
fertygo,19
Garchomp,19
Ginger,19
ILBARONE,19
IrvinG,19
jason,19
jtamonda,19
KoeSoyh,19
Lise,19
Lumble,19
Myth555,19
Zorkthar,19
Akatsu,18
albo21,18
Nightning,19
Norwis,19
Osnildo,19
Pavel,19
rascal,19
RocketSpoon,19
SirVILGAUDAS,19
SlowBro,19
springy,19
starworld111,19
Thund3r,19
삼겹살,19
슬퍼하지마노노노,19
愛德華嘎,19
AdaMiries,18
Balorix,18
BLS4GAME,18
Burr0,18
Calamity,18
Edwin,18
illsory,18
Impyyyyy,18
Khamûl,18
RastaFish,18
Rooftrellen,18
Staz,18
Fifi,18
GG66,18
guard1019,18
JEJBenkoJEA,18
Jesuis1,18
KentNoble,18
maXout,18
on9yc,18
Paradox,18
Piszczel,18
skliks,18
TNTPavean,18
Toastmonster,18
Fenom,17
Tyranus,18
XiaoShan,18
youhit,18
Zeddy,18
엘렌디야,18
함덕바당,18
歐歐,18
隽永不要,18
Amaso,17
anargiris,17
Asuna,17
BBAEK,17
CosplayGrill,17
Cptnkitty,17
DankMemes,17
DDoBaGi,17
Denix,17
Elto,17
Flafy,17
Foxmen,17
gété,17
Jericho512,17
Jokersim,17
Kufdon,17
Mage,17
Ryder,17
Joske609,17
kiryu,17
kogam,17
LemyBiB,17
lowkey,17
LuckyDice99,17
Naiklas,17
Paljuha,17
pilou,17
RangoB,17
Resentful,17
shuzoDS,17
sicosis,17
Swate,17
TheViper94,17
Un33D,17
ジョン,17
テンペスト,17
るーと,17
Butterz,16
Conrad,16
Donno,16
DragonAlbert,16
espumito,16
ひがし,17
갓유댕,17
알비노생쥐,17
淡定哥,17
Alpha,16
AVZ075,16
Batman,16
blueblurr,16
Brutal58,16
Cerwindhunt,16
Feeling,16
friki,16
Galaxy,16
Gandalf,16
Gladen,16
Grantz,16
GundamFlame,16
LeonLum,16
Ian,16
jimborice22,16
Karomizu,16
KNMDIVA,16
Kranich,16
lightburn,16
Malakadiez,16
Maxxe,16
MayorMpely,16
Memory,16
Mirkino,16
Neruth,16
NikosFas,16
odin,16
OxygenWhite,16
Pepe,16
Peter,16
Piper,16
PoliteSniper,16
rororollll,16
saucisson,16
stevistoned,16
Swaggermeist,16
TNTAlpe,16
Tnn12,16
While,16
xDouGx,16
Yin,16
yohane,16
zenith,16
Zyx,16
Пингвинчик,16
남궁찬헌,16
무서운드루,16
인생의걸림돌겜,16
很星爆你知道嗎,16
紋魚線,16
Alan,15
BlizzconJan,15
Chad,15
Coookiemonst,15
den,15
DenBut,15
DenimBlue7,15
DrBoom,15
JDart,15
Pelletire,15
ryo,15
Gyawa,15
Houdinii,15
Itzvan,15
js5,15
Juancho,15
Lucky,15
notcreater,15
Ownerism,15
Pain,15
Panda,15
Robnhoney,15
Script,15
ShininGold,15
shipingorder,15
マッチョ,15
동기링,15
한정우,15
小茶,15
barret,14
Altere,14
Bath,14
Benny,14
Bezoar,14
bizonww,14
Bocumix,14
BoomMD,14
BoonnooB,14
BressD,14
Chumin,14
countfuneral,14
CSRuchi,14
DarthNihilus,14
DavidSWu,14
Destiny,14
Destructor13,14
DjGOz,14
Earth,14
ElectricSix,14
Eltreck,14
Fen,14
FlècheNoire,14
Flurry,14
Fujjang,14
ggarbi,14
Glaser,14
Glofortos,14
Goddraw,14
hayato,14
hcm,14
hinaya,14
Hokage,14
Irony,14
KillerHero,14
KimDota2,14
LegendAI,14
LiRuiFeng,14
Lorthos,14
Macheen,14
MaeveDonovan,14
magicgeek,14
Marss,14
martim,14
Meliador,14
Mimring,14
mnpk,14
MoroneJ,14
Narkotikzx,14
NethervoidES,14
Pizza,14
Rpbalance,14
Neves,14
nexok40,14
nickysicky,14
omusubiyama,14
Ouate,14
oyatsu,14
pastaS,14
Paulo,14
Pitorak,14
Ran,14
Saint,14
Satellite,14
SAVAGE,14
Schadenfreud,14
senapoke,14
Sevel,14
ShaDow,14
SilverR1,14
sipiwi94,14
Skambo,14
SomiTequila,14
StrifeCro,14
Skye,14
Spikini,14
Stanley,14
SteveFrench,14
SUDAL,14
SunAssault,14
Supremacy,14
ta787,14
Temich,14
TeV,14
thedude,14
TheMarine,14
thestampede,14
Three,14
Tlenn,14
TTRR,14
Tweeg,14
Twink,14
Überninja,14
Vmasafumi,14
Whiplash,14
yoitsflo,14
かつどん,14
구맨,14
군필여고생,14
브베,14
세리오닌,14
여울,14
우이동,14
은밀한청소부,14
조치,14
짙은핑크,14
你這垃圾,14
兄人,14
我家住在富岡,14
我是神閉嘴,14
百鬼,14
alex14,13
yoyomanhihi,14
zridex,14
bobbybigtoe,13
ChrisLeBlanc,13
daishi,13
DeathWish,13
Diaz,13
DressShirt,13
Pal,13
reall,13
TeamAmerica,13
Epos,13
Flix,13
Furfrou,13
Ganera,13
JackTorrance,13
JakePhinney,13
JamesBond,13
Joe,13
KevinShih,13
kks2049,13
Lagrange,13
MaineCoon,13
radless,13
Rane,13
SeppiaCelata,13
TankWheels,13
Waterrupt,13
Yess,13
ZAM,13
뚝딱이는까까좋아,13
史詩束褲,13
AFDsimple,12
Affie,12
Alfred,12
Alison,12
Allad,12
Amam15,12
Amyks,12
Apollion,12
apsolZ,12
ArchiThoRi,12
Ares,12
ArtOfwaR,12
AvisGod,12
Blankieh,12
BstsEatPrsts,12
Bushsr,12
Cathalifaud,12
chking,12
coi,12
Coldzera,12
Cynosure,12
DDaHyoNi,12
dealwithit,12
dielange123,12
Dordzhi08,12
DoubleDraw,12
Dragodz,12
Dreivo,12
duk9r,12
Eason,12
fkrhswers,12
Foot,12
ForeverPladi,12
FürdieAllia,12
Fwan,12
glyttoN,12
GreenMango,12
GRESHNIK,12
Hen,12
herusia,12
HKJYAKahei,12
Innate,12
Inoha,12
inpTAISA,12
Insurrection,12
Invictus,12
ironFIRE,12
Jam,12
jm1,12
jonouchi,12
joseluis77,12
kashnopersky,12
kawa,12
Kohai,12
KoMaToZ,12
Lancer,12
LeandroLeal,12
Linken,12
Lisa,12
LokJai,12
LoNa,12
lowseeker,12
MacaW,12
mico,12
MidLight,12
mooingsheep,12
moonshine,12
Murillo,12
NaSoMaNiAC,12
NickChipper,12
Nico2108,12
Noky,12
Nostam,12
NYChar,12
Pool8,12
Papapousey,12
Pascoa,12
pat1990,12
Pavelingbook,12
Pawel,12
Perseus42,12
Pinche,12
PoweR,12
PrinceFancy,12
Reliquary,12
Rks,12
seven,12
Shadybunny,12
Sidsilence,12
Signal,12
Snirk,12
Soulmate,12
SpeedyRogue,12
StanCifka,12
Stevodanger,12
survi,12
TeZcat,12
Tyrant,12
TheGHP,12
ThuFull,12
Tony,12
TreeBagger,12
tuVai,12
wassy,12
WooJin,12
yokopomayoko,12
Yukazo,12
Yusei,12
Zeler,12
ДикийЗверь,12
エト,12
カネル,12
가짜자유,12
개굴진영,12
김정윤,12
난정말강하지,12
넙치사냥꾼,12
단맛체리사탕,12
대리는현지팀,12
동전영능,12
뚜루뚜빠라빠라,12
삘라뿅,12
살아있는양심,12
샹하이,12
소리없는검,12
순서,12
쌀쌀맞은쌀,12
이성한,12
자라,12
잡초,12
첼시의토레스,12
三重殺神,12
夏娜109,12
小熊維尼,12
川底の鰍,12
楓葉,12
歹丸歐郎,12
熊貓可可愛,12
花澤香菜,12
Aleqt,11
Aviera,11
Babis,11
Banner,11
Blackyyy,11
ElMachico,11
BlinkBlink,11
Bloodlips,11
Bubbachuck,11
C4mlann,11
Cagliostro,11
CandyBoy,11
ChiefKeef,11
Crisemmaovi,11
Cynthia,11
Dahlia,11
deadwood,11
Dehmax,11
djenddl,11
Dodopg,11
Dragonaccio,11
FForteech,11
focer,11
G4MED,11
GAP1698,11
Ghost,11
Gilgun,11
ginko,11
Gogo,11
grr,11
Jee,11
Grimel,11
Hammerfeet,11
hardluck,11
HATIKQ,11
hauj,11
Haymak3r,11
ImLegendary,11
Jace,11
Jackpo,11
johnnyboy,11
Kancun,11
Kenobe,11
Khaius,11
Kitava,11
Longzx,11
maneti,11
Maon,11
maruth24,11
MaxTheRipper,11
mwestb1,11
Neol,11
Ninja,11
Otsuna,11
Odyssey,11
oliech,11
PillowHunter,11
PIONER,11
PSY,11
Quelqunx,11
Ranpo,11
Raphael,11
Revenant,11
Shuku,11
SlippyG,11
Slysssa,11
Sopamaa,11
soraka,11
Suckboy,11
Tai,11
TheLastChamp,11
Tixuty,11
tnraAy,11
tomof,11
troi,11
Vanik,11
WaningMoon,11
wilfully,11
Wuncler,11
xSolozx,11
YudukiYu,11
zataro,11
たかやん,11
フージ・ワラ,11
ベロニカ,11
둠빠따대무대무,11
롱아,11
무민킹갓하마,11
빼앸,11
연세대학점킹,11
이카드잼,11
지니어스,11
新莊唐禹哲,11
死亡之翼,11
緋瑛,11
abc,10
Admirable,10
AgentHS,10
Aimar13,10
Akakuro,10
Akira,10
Aviously,10
Albrigtsen,10
Alice,10
AlivZ,10
Alkylone,10
Allen,10
AmazingDM,10
AtEase,10
Avaritia,10
Azuma,10
Badonkadonk,10
Bajna,10
Bennidge,10
Bernling,10
BigWig,10
Blackhole,10
BlaZZej0S,10
Blitz,10
BongDaCity,10
Boss,10
Bravo,10
Broshy,10
CBass,10
cezaryi,10
Cookain,10
charles,10
Cheese,10
ChiakiNanami,10
Coglorin,10
corbett,10
Cthulukitty,10
Daisr,10
DarkXav,10
Dash,10
DashingHenry,10
Derivus,10
dhruvstar,10
docility,10
Dono,10
Dvl321,10
ElBochoss,10
eMar,10
Entraditas,10
Faceopei,10
FranGalindo,10
FudoV,10
GarkGus,10
GingaNinja,10
Guillermo,10
gunsmoke,10
Guntofire,10
Hazel,10
Him,10
Hindenburg,10
huLk,10
I7pocTo,10
IceWizard,10
iustitia,10
Jac0b0,10
justice,10
kakapo,10
KalikQ,10
Kassu,10
kawing,10
kirillsir,10
Kite,10
kosta,10
KremePuff,10
kuosito,10
kuro,10
Kusunoki3,10
Lmac77,10
LOL,10
Londgrem,10
Martras,10
masa,10
Matteo,10
Mazsii,10
Mercedes,10
Metil,10
midolStar09,10
Minamimi,10
Mit,10
mozhi129,10
MrZeRozZ,10
muffins,10
Naobool,10
Neobility,10
NerfAutism,10
Nickolias,10
NightFire,10
Nikami,10
Noflame,10
PhatLH,10
prime,10
ProfessorOak,10
Pushax30678,10
quentinooo,10
RakJo,10
ReneKuroi,10
resistE,10
Talion,10
Respawned,10
robbodog,10
robs,10
rrrrrrrrrrrr,10
Rui0128,10
RumGorey,10
RumHam,10
Runetail,10
Samsa,10
sapphire,10
Saturos,10
Savage,10
Schon,10
Scruffy,10
Sephiroothe,10
sexisme,10
Sfouggarakis,10
Shodda,10
simonedeho,10
Sinya,10
soilamb,10
sokuratesu,10
sunsuns,10
tarohiko,10
TaylorSwift,10
Tempest,10
Theude,10
Tolbooth,10
Transchaos19,10
twobird,10
VictoriousDN,10
Vulee,10
WallSpiders,10
xavierrocket,10
XxFroBro45xX,10
yaoi420,10
Yinus,10
yuzuni,10
Zekyon,10
Азазель,10
ДИКАРЬ,10
あきぃ,10
공블리,10
김유겸,10
꿈보다더멋진현실,10
돼지장신영,10
모닥모닥모닥불,10
빠라라경,10
빵떡이,10
boski,9
Bridges181,9
Bruce,9
Cambium,9
CaptainEktar,9
CarloSHK,9
ChiChi,9
ChiefBeef,9
Chuva,9
count255,9
countel,9
cri,9
Crystal,9
D0nkey,9
DANKE,9
Diagoras,9
DiAsiat,9
Dimon1shot,9
DorothyWest,9
DouAhou,9
Doud78,9
Duyyy,9
dxppla,9
ElChupacabra,9
Elmo,9
Evangelion,9
Handerman,9
Evilwithin,9
EzXarT,9
Facetickle,9
Farmacevt,9
Ferno4111,9
finally,9
fingerout,9
Fish,9
Genesis,9
Gravityx2,9
Grenelle,9
GroSSo,9
hanniballz2,9
HateShrimper,9
HexForge,9
HuRu,9
HyperLion,9
idiotoutside,9
ikayama,9
Illu,9
ImSorry,9
INDIGO,9
InquisitorM,9
Inventor,9
Jaemin,9
J4kubb,9
Jalexander,9
Janos,9
JhongTin,9
jin,9
JK719,9
Joker,9
JTizzle,9
jupu,9
kackey,9
kaede,9
Kaiser,9
kanelsnurr,9
Kap9,9
KAPPA,9
KaratéSwag22,9
Kat,9
Kawagek,9
KissyCat,9
Korextron,9
KoyaKeizai,9
Kratos,9
Kyshirox,9
LeM,9
Léthal,9
LiamMega,9
Longknife,9
losefield,9
lOvE朝鮮,9
M5K7,9
Matdoc,9
Matixo,9
MaXxouNET,9
Mehradba,9
michu2,9
Minislash,9
Mockingbird,9
Monkczester,9
natsumewato,9
neku,9
Nizahe,9
Okayyyyyy,9
Ordalie,9
Oyazi33,9
Pablo,9
PenguiNaru,9
Perfects,9
Picouze,9
PitiN,9
PTTMuting,9
Puksin,9
qbasic,9
RaFaEl,9
RayQuaZa,9
RealTerror,9
Rhexx,9
Rhuss,9
Ricerca,9
rogerclee,9
Rolighed,9
rost7,9
royal,9
sasag,9
Scane,9
SebastianJo,9
SetoKaiba,9
shuijiao,9
SJL,9
SkyFrosty,9
snow,9
SoloTu,9
SomeEar,9
SonofWar,9
SoraAoi,9
Space,9
spellbook,9
Stander,9
steeloslave,9
suimin,9
Susan,9
Switch,9
SzczwanyDaro,9
Taidana,9
Tasu17,9
TheJordude,9
Thorathan,9
Time,9
TmwKOxyd,9
Tortue,9
Tosisdc,9
Tree,9
TropFacile,9
UrGot,9
Tudor,9
Utopia,9
uya,9
viopalestis,9
Vlados,9
voEz,9
WangIee,9
Wilson,9
wojekxd,9
XAMAEL,9
Xander,9
XSoul,9
YelloRambo,9
yochen,9
YYJ,9
Zephyr,9
Глинос,9
ЯсноеОко,9
たろを,9
겅이,9
기석,9
깕쿵산,9
꼬맹이,9
난그냥산다,9
바게트,9
蘇家宇,9
박꿀잼,9
사계절의변화,9
새치,9
석원,9
순뇽,9
쓰랄하면고아,9
아이고인간아,9
죽여줘용,9
케케키키,9
쿰척박사공혁준,9
호르몬,9
爐石試玩者,9
紅杉,9
雷奧斯特,9
adelkzn,8
AfeAmrit,8
Aiden12,8
aki25,8
AKPsynix,8
ALLGAMEPROF,8
AlphaSai,8
Anari,8
anwfragma,8
AR7,8
arc,8
Arkaico,8
Asher,8
Avista,8
Bækken,8
Balo45TheGod,8
Bananaramic,8
batupaksoy,8
benene,8
Berin,8
BigBlackDeck,8
BLAUMANTEL,8
Bloopeh,8
BouncyBear,8
BrAiN,8
butfriend,8
Cantelope,8
Carnage,8
Cegl34,8
Cganta,8
CGPicasso,8
Chase,8
CheekyMonkey,8
Chrimson,8
Chronos1221,8
ClicClac,8
CodeNameZip,8
Control,8
Cophy,8
Coreupted,8
crash,8
Crixilis,8
cyposian,8
Cyrilv,8
DaffEiri,8
DANGER071,8
DanZack,8
DarkMagician,8
Dash0104,8
DCP,8
Deathspitter,8
deFox,8
Demigod,8
DevouringOne,8
DeXuN,8
DollofCuddy,8
donie,8
DoublePeace,8
Draz,8
Dunkadoodle,8
eberbass,8
edanco,8
GPT,8
Enoch,8
Evakos,8
FMR,8
FRiBZi,8
Gann,8
GhostASA,8
Ginko,8
Goppy,8
gorgeous,8
GuailboySan,8
GucciMane,8
HappyMoment,8
harvest,8
Hazarder,8
Haztlan,8
Healer,8
heiden,8
HellFire,8
hibiki,8
Hiro,8
hirototree,8
HKAHarry,8
HKroms,8
hollow,8
Hyoseung,8
IAmTheTable,8
icecurve,8
icer,8
ichi,8
iEatChildren,8
IIllIIllIIIl,8
Inf3rnow,8
ipipip34,8
Izzedevil,8
jack,8
Jaekyll,8
Janick,8
JeonGoon,8
jetboy,8
Jia,8
Jimbo,8
Jimboslice,8
JOaks45,8
JobDone,8
joek,8
Johnson,8
Joth703,8
Joyker,8
june1171,8
JustinGO,8
Justpbl0,8
KabiBoy,8
Kamahl,8
kamikpro,8
kapersss,8
Kapi,8
Karsa,8
Kasumir,8
Keymanhs,8
Killeralltop,8
KimiHaSpider,8
kingganon,8
Kira,8
kou,8
Krozr,8
Krystal,8
KrzBill,8
Kyten,8
l33t357,8
Lappyzard,8
LaughingLama,8
LazyA,8
LazyTitan,8
LEBED,8
lefffka,8
LeonidasNada,8
moarmoar,8
MrTomek1,8
levski1991,8
Levu,8
LuckBox,8
Madsheep,8
malahero,8
Mansion,8
maramara,8
markshire,8
mclovin,8
Mcmkiller,8
MercyHunter,8
Merlin,8
Miroha,8
mistertop,8
MoleGamez,8
MonaLisaAnn,8
Monster,8
Morrison,8
Mpoukovo,8
MrGold,8
MrZaB,8
muhi,8
MyoSu,8
Nazadrian,8
neotony,8
NikolajHoej,8
NoRage,8
Noxus,8
Ntinakos,8
OldSchool,8
OMjuwax,8
onepunch,8
orochi,8
Ortapepe,8
Oso7,8
Paperninja,8
Pardub,8
PartyPoller,8
PDA,8
peter1004306,8
Phrixius,8
Pidgeotto,8
Pillo,8
Pilux,8
pluto,8
POIZN,8
Polygonz,8
Prince87,8
ProminenceOS,8
Rosty,8
PRTHNCA,8
Pupich,8
qpqpq,8
Raigar,8
RalA,8
Raze42,8
rebobson,8
Redtea,8
ReynzeR,8
RiveraJP,8
RIxFIGHT,8
Robshow,8
Rofreg,8
RomaNorgy,8
samue1,8
Sarkhan,8
SaucisseSwan,8
scaret,8
Seanclops2,8
SHARKY888,8
Shun,8
Slash,8
Soflo,8
soleil,8
Thomm,8
Songhyun,8
SorrowAngel,8
SorryMyBadxd,8
Splendor,8
StahpItBlizz,8
StefyBiB,8
Stitch,8
StrayCat,8
SubUss,8
Taddel,8
TangZ,8
tanuki,8
TerrenceM,8
TH3G3NTL3M4N,8
therealone,8
TheThe,8
timothy110,8
Timper,8
Ting,8
Tomram,8
totosh,8
Tsukuyo,8
Turbon1ck,8
urawareds,8
Unanswered,8
ute1234,8
Vargan,8
Verg,8
Vinz,8
ViperPro,8
Volcarona,8
Vonny,8
Vrex,8
Wallfish,8
Warma,8
WhatKa,8
WildWolf,8
WOMYNDOMYNAT,8
Wuker,8
Xavier,8
Xawko,8
ynmJaden,8
Yocto94,8
yohden,8
YS646410125,8
YuNicorn,8
Zeni,8
ZeroOrigin,8
рак,8
Юрий72,8
プラス,8
ぼん,8
りゃおす,8
ロマネスク,8
구리역,8
누구야,8
명치맨,8
밍기,8
붕탁인,8
시간은멈춰,8
아름아름,8
연두부,8
요정용,8
우리동네따악대장,8
우체국제비,8
운좋은바지,8
이관섭,8
이츄앙,8
재수는독학이진리,8
Zyune,8
こうちゃん,8
리제,8
이걸정리하네,8
제코,8
카르,8
존나뜨거운용광로,8
콜로퀴엄좀,8
텍사스청정막걸리,8
황금히히카드,8
七節睡三節,8
不夠賽就淘汰,8
乂0魂0乂,8
吉榭爾,8
哈根大濕,8
夜黑,8
安楽岡花火,8
小束褲,8
戀愛歐普拉斯,8
有人提到花生醬嗎,8
武藤遊戲,8
燒了整座青山,8
瑋瑋叮,8
茶葉2倍,8
acidz,7
Ackeros,7
AggroIsHard,7
ajmer,7
akara,7
Alanlol,7
algis1,7
alieneys,7
Alkaige,7
Alteex,7
Alza,7
Amgl,7
AMJ,7
AndreiRO,7
AngeLiX,7
Anguistar,7
anne,7
ANOTHERA,7
anothersy,7
Answ11r,7
Arawn,7
Archer,7
Arreador,7
Arrivider4i,7
Aurora,7
Avelline,7
AyRoK,7
BachoKiko,7
Balintman,7
Ballero,7
BigBOOp,7
BigBoy,7
BIRDS,7
BlackJack,7
Blank,7
Blaz,7
BlazinAzn,7
bongja,7
Bquiet,7
Burningtree,7
Buzz,7
Buzzz,7
C1trus,7
cahasramen,7
CAVS,7
cha,7
ChaosVLord,7
ChapmanUK,7
charles9433,7
Chatthon,7
Choronzon,7
Choubav,7
Chris4fun,7
Chrissy,7
CmaccompH,7
Coimbra,7
Cream,7
Crossover,7
Crumble,7
Cursed,7
Dakori,7
Dan,7
Danduhlion,7
daniel,7
Dantist,7
Dawidoff,7
Deepity,7
denker,7
DestiNnNy,7
dimazavr1k,7
DingusSlayer,7
Dinocchio,7
Dog8Pig,7
DragoSpettro,7
DrEddy,7
DrGonzo,7
DungII,7
Durokacki98,7
Dutchman,7
DuVlad,7
eastwinTW,7
Eclairvert,7
edmvyrus,7
Eldritch,7
Empty,7
Entërra,7
ePapyrus,7
epicNecro,7
EspressoS,7
esthevensllc,7
ESTROGEN,7
Etoce,7
Everton,7
évoli,7
Exilsior,7
Exterminor,7
Faldez,7
Fate,7
Feo,7
FeRuRa,7
FESTERING,7
flamingobums,7
FlasherXSan,7
FRID,7
Garrickz,7
garuncho,7
Gio,7
gleipnir,7
Godboki,7
Gogongsing,7
Gordão,7
GreekLover,7
Guiseitsme,7
Gunner103,7
gunzerker,7
Haikufuku,7
ham1k,7
HaNaFloweR,7
HashTag,7
heisbckx,7
HidingTroll,7
Highlife,7
HighQueenJim,7
hong60229,7
Hypester,7
iamChapsgg,7
IlLaido,7
ilovenono,7
Infinax,7
iprkolo,7
Insania,7
iRekia,7
Ishibashi,7
ISShin,7
ivanbertlooc,7
IWIN,7
JackPoT,7
jakup26,7
jambre,7
JaMMeX,7
Jojosebb,7
Jokuyo,7
Junjun99,7
jyoruno,7
k1ngkong,7
KaraokeHS,7
katagami,7
kei,7
Khal,7
kikey,7
kikilator,7
KimYuna,7
Kindful,7
KingOscarV,7
KissAndBang,7
Klein,7
KrzegoszPL,7
leadpaint,7
Logan,7
KKTN,7
Klec,7
kokoblok,7
Kolbein,7
kr1stus,7
KRUSHER99,7
LaSardine42,7
Laurentech,7
layzefn,7
leftonedead,7
Leviathan,7
Lifestealer,7
LILAC,7
Lol2,7
lostov,7
Lowl,7
Luker,7
LuMb3rJ4cK,7
machi,7
MadCorvus,7
Mitchtes,7
MagicMike,7
MagicPants,7
MangoNamNam,7
Master,7
Matchstick,7
Matt,7
MattBR,7
Maximiliano,7
melody,7
MeowAngel,7
Mephisto,7
Metamorphose,7
midnight,7
Mikro,7
Minister,7
Mishu,7
mistrzwujo,7
MokraniChile,7
Mordekaiser,7
moretz,7
MrClowny,7
MrSkillx3,7
Mryagut,7
Nethorus,7
NafBen,7
NamEkianer92,7
nammon,7
Narra,7
Nephoo,7
Nightgarden,7
Nitrogun,7
NoCareWL,7
Noirwood,7
noMugop,7
NoPain,7
Noremac,7
NotFeike,7
OakHeart,7
oboogie,7
OEO49OEO,7
oh5700,7
Olala,7
oldytseng,7
Olinho,7
onekillercz,7
OpStaR,7
Otomekai,7
Pangya,7
overKgePge,7
Patryn,7
Pegasos,7
Pernoca,7
philosophian,7
pokikipo,7
POLJK,7
pon12121,7
Punish,7
Qameow,7
Quatro,7
qwErey,7
Qwertzu,7
randomer22,7
Ranke,7
Raptor,7
RAW831,7
Razbivacha,7
redrufus10,7
ReFlex,7
Rgc96,7
rlflsrlfls,7
RobotWizard,7
Rolle,7
Sagaz,7
Sai,7
sailio,7
sajmonak,7
Saraad,7
saszako,7
Sayha,7
ScreaM,7
SelJo,7
seogui,7
SGAhIce,7
Shaka,7
Sheazus,7
Shy,7
SieraN,7
Silverwind,7
Sindo,7
skorek,7
SleepyBear,7
SNOWZY,7
Snyderro,7
Sozzol,7
SpacenuGGet,7
SpiderMonkey,7
sqvfnwlxdke1,7
ssapo,7
star,7
stathisv13,7
Stelvesse,7
Stiebo,7
Stranger,7
StrikeReaper,7
SunStorm,7
supana1114,7
Surion,7
SWG4,7
Tabach,7
taesin,7
Takto,7
Teach,7
tekkex,7
Th3RaT,7
TheTaaque,7
TimeToFight,7
Tone,7
toolakea,7
trivial,7
Trotter,7
True0Devil,7
tsaiboy,7
Tyraniah,7
Ubiquitous,7
Ulysse,7
Ultrabob,7
Unequaled,7
Unreal,7
Untouchable,7
ustyacmd,7
Uzra,7
Virus,7
vOiledegger,7
Vomitory,7
Vortex,7
Vybon,7
weichien,7
Wetchasit,7
wing,7
wiRer,7
WixvoL,7
Wolder,7
WonszRzeczny,7
WOWENFO,7
wuzhypeking,7
xprot,7
XslyX,7
XWhyZ,7
Y0r1k,7
yekin,7
Yosumi123,7
Young,7
Yubel,7
ZachO,7
Zedleppelin,7
Zhym,7
ZinniZ,7
ВоинСвета,7
МастерЙодаЙя,7
あきさく,7
こーし,7
シャケおに,7
じゅんや,7
セップ,7
ノノ,7
ベーコン,7
ましゅー,7
갓담근갓김치,7
강군,7
골든레트리버,7
권우탄,7
김첨지,7
낭천,7
뉴도,7
라크,7
레오메린,7
려관주인,7
매직팬티,7
무아의경지,7
민도오르,7
병장,7
비슷,7
승냥이,7
신고된바세린,7
안티어그로,7
유워리,7
유정연좋아요,7
조수봉,7
준거리,7
참교육,7
하늘의,7
행보관,7
冰淇淋,7
冰與火,7
則龍之王,7
奪命腳,7
安安喵星人,7
慕容紫音,7
李ゃう,7
心流似水,7
林柏佑,7
水晶,7
海灣大師,7
滌水,7
澳門首家線上賭場,7
爐石最後希望,7
爐石爐石,7
瑄寶貝,7
眼睛業障重,7
索爾,7
諾娃,7
超級魚人,7
車干可可,7
迎風翱翔,7
鈴木の刺身,7
龍的傳人,7
A2Battleship,6
alexnoehr,6
algae5,6
Alkaiser,6
Alkharim,6
alper1912,6
Alucard,6
Amandinha,6
Andojas,6
ANGEL3,6
AntiHype,6
Anvil,6
Aperitif,6
Arang,6
Arbiter,6
arbok,6
Arcanis,6
Arizal,6
Armadyl,6
Aroha,6
Arunos,6
asd,6
Aselles,6
Astronaut,6
AySean,6
azureg,6
badajimpom,6
BadKarma,6
BAKi,6
Bankyugi,6
Bartve,6
Baryonyx73,6
BBCZhan,6
Bear,6
Bears,6
Beister,6
Ben27A,6
berkay555,6
Berwin,6
BGIOU,6
Bjork,6
BlackFire,6
blacksilver,6
BlackSword,6
Blanecin,6
Blastoise,6
Bloom,6
Blue,6
BoardKing,6
Bobofats,6
Bom,6
Borria,6
Bozo,6
brandono2000,6
Brakard,6
Bregor,6
BrightInwZaa,6
buno,6
ByRolTaX,6
C2onJ,6
Cairrus,6
CaMoo,6
Capricorn,6
Carestia,6
Casper,6
CastAway,6
Casyo,6
cesarv2,6
cevikatmaca,6
cgsongbird,6
Chan,6
ChangeSpeed,6
chaoslordk,6
chaosmasterj,6
Charlie,6
cheetahhh,6
chion314,6
ClearNpure,6
CN16,6
Code002,6
Come2daddy,6
Condy,6
CookieMwnstr,6
CoravStenom,6
Crasher,6
Crayon10,6
CrazyMage,6
Crazyy,6
CRC,6
Creapz,6
Crumpled,6
Cryang,6
CYAN,6
CzechCloud,6
D3oxy,6
DacDamDam,6
Danicanseco,6
dark,6
DarkGoomy,6
darkgunz,6
DarkShadow,6
Darkstrike,6
Darroch,6
Dartill,6
Davismo,6
Daydreamin,6
DayMan,6
Dearwolf,6
Deathsie,6
dedoslayer,6
Demo,6
Demógenes,6
Denuvo,6
Derpinox,6
DerpyTroller,6
DerSkiller,6
Detsui,6
Dimok,6
dinoapollo,6
Disdai,6
Distance,6
DKamo,6
Doaibu,6
dorong,6
Dostinate,6
DoubleT,6
doudou29,6
Dovi,6
Drained1121,6
Drakemond,6
DrGreenthumb,6
DrGyros,6
DrigoTDragon,6
drk2704,6
dropdead,6
Durotan,6
dwarfthrower,6
Dziomek,6
eeyan,6
Electrode,6
Elfus,6
Elite,6
Elkunnn,6
ellbee,6
Elsa,6
Emblitz,6
EMEm,6
Emetos,6
Eodl,6
EricCantona7,6
Escalate,6
ESSKEET1T,6
Evdam,6
exilessmath,6
F3L1XMSV,6
FaceHunter,6
Fatal1st,6
fateos,6
fcor,6
fercho,6
Fernandomc,6
FieryFrog,6
Fire,6
Fixunchaind,6
Flasch,6
flaxeau,6
Flob,6
Floopz,6
Fluffy,6
Flyingdutch,6
fobolider,6
folen,6
fortunely,6
fountain1979,6
Fox,6
fragias,6
Fratzu,6
Frenetic,6
Fresh,6
Frixi,6
fro0zenwrath,6
Froggy,6
FrostyDog,6
Frozen,6
Fsalgado30,6
FTILOURIS,6
FUEL,6
FunkyGoblin2,6
Gacib,6
GamerDude,6
GhostDog,6
GhostDragon,6
Ghrhhh,6
Giru,6
Gjrstad,6
GoatDude,6
Godofredo,6
Gosh,6
Goudhout,6
GreatD,6
GRETOZA,6
grg,6
Grimmjow,6
grimmzero,6
gucchon,6
Guuidias,6
Hank,6
Hans777,6
Hayek5,6
Heaven,6
Hechima,6
HellPriest,6
Henry,6
Hermes,6
Hero,6
Hikachu,6
HikigayaTai,6
hint24,6
hiragi,6
HoN,6
Hoosierdaddy,6
Horns,6
hoshinatto,6
hotcoco,6
hotgirl,6
HotTeriyaki,6
Hoxx,6
Humble,6
Humlepung,6
Huuu,6
hypnotoxic,6
iamThanh,6
igorcosta,6
ikope,6
illness,6
ilyminat17,6
inaho,6
Innovation,6
ioio,6
IonCannon,6
IosuStyle,6
Irae,6
ITO,6
itsukivr6,6
izisan,6
j1n,6
J4CKIECHAN,6
JaceYourself,6
Jack90641,6
JackRito,6
jad346,6
JaguarPygmée,6
jAKobUTG,6
Jared,6
JiveTurkey,6
jjang,6
JJBOSS,6
Johnnybambou,6
JohNyC,6
Judgement,6
juge,6
JustinTime,6
k640,6
koromon,6
Korvus,6
koz,6
Kozura03,6
KproX,6
krustbr,6
ktm565,6
kuo,6
Kuqu,6
Kurthnaga,6
Kvazar,6
KyloRen,6
kyrixx,6
kyuhei,6
Laphone,6
Leandro,6
LeFiN,6
LemonLime,6
Leonidas,6
Léopold,6
Lestos,6
lightman,6
LilFrenchy,6
Linga24,6
LooGiiQQ,6
LordFoul,6
louas,6
LordMaelnik,6
Lucasdmnasc,6
lukas,6
luminescents,6
Lutero94,6
Lutha,6
Macaroooon,6
madsox,6
Maies,6
malteemil,6
Mamao,6
ManChodi,6
Maneio,6
Mark,6
markozgeorge,6
Marph,6
Mars,6
Marz,6
Masewyn,6
MaSiMo,6
Masterok,6
mattia170796,6
MaxCoffee,6
Maximptz,6
maybe623,6
Mazzu,6
McBanterFace,6
Mcgavin,6
Mcmurphy,6
mesterman,6
metalknight,6
Meteorites,6
MightyBanana,6
MikeRaph,6
Mikka,6
Millburn,6
Minival,6
Mirage88,6
MirrorImage,6
mk0228,6
mockingjay,6
MonitoJr,6
monkey25787,6
monzemann,6
MorGalad,6
Morphos,6
Morts,6
moso,6
MRBEAN,6
mrb,6
MrDrProfesor,6
muriz,6
murray,6
mybearlove,6
Myriadleaf,6
N0tchy,6
nagatei,6
nagnol,6
NanoNasone,6
NanSIn,6
NeR0,6
nhull,6
NICARAGUA,6
nicias,6
Nickyfoofoo,6
Nightmare,6
Niizuma,6
Nikolai,6
Nikos,6
NinetyThree,6
Nnice,6
nomatt,6
NONOkiller,6
Ocean,6
NoobNahHol,6
noSalvati0n,6
NTdarkluffy,6
nukesaku,6
nyami,6
o0o,6
Odemian,6
OKCKING,6
olesiek123,6
Oloninho,6
ONLYST4r,6
oPAPPASsas,6
Oreles4x,6
Ortus,6
Ost,6
OVERWATCH,6
Palpelo,6
Palu,6
Panthard,6
Pantheon,6
peerry,6
Pemderix,6
Pepel,6
Phil,6
Phnx,6
PięknyTygrys,6
pinpin,6
piterKID,6
pjs0122,6
pLaG83,6
Plko,6
PLUTO,6
PocketTrain,6
Powernjal,6
Predator,6
pretok,6
Prototype007,6
Qmillion,6
QQzOO,6
rabbit,6
Raki,6
RamenBurger,6
Rammstein,6
RamymaR,6
RaneFild,6
Raugis,6
Reality,6
Reborn,6
reddec,6
Reflection,6
Req,6
Rhymenoceros,6
roma,6
Romanno,6
RoYcHaNkIsS,6
RScaramussa9,6
Runaways13,6
Rupflin,6
Rushia,6
s23ver,6
S3cret,6
saba,6
Sacrament,6
SadBoy,6
Sahor,6
Sandrax,6
Sarchimonde,6
saromar,6
ScarletTears,6
Schez0,6
sentenza,6
Sevant,6
SevenC,6
Shadow,6
Shakalets,6
Shappa,6
shibahu24zzz,6
ShineN,6
ShotgunPanda,6
shousetuka,6
Shura,6
SilentKnight,6
SilverName,6
Simplez,6
Sins,6
smeer,6
Snail,6
sohmax,6
Sola,6
Sorato,6
sorrymywin,6
SpaceCreated,6
Sparadrap,6
spekske,6
sprb07,6
ŠpricamuČelo,6
StarryNight,6
Starx,6
Stonekeep,6
StormFever,6
Sunnyvale,6
Supakitch,6
superior,6
SwankyTiger,6
Sylvanus,6
takuchan,6
taroimo,6
Technology,6
Teemonocute,6
Teipan,6
Temperanc,6
Terminoker,6
Terrifictaco,6
TerrorLord,6
Teto2197,6
Thaiming,6
ThaLucky1,6
thEconomist,6
TheGame,6
TheKiing,6
TheKiller4,6
TheKraken,6
TheRabbin,6
TheSkyes,6
Thorador,6
tibolt,6
Tidal,6
Timon,6
TiuTangClan,6
tokusan,6
TopScene,6
totokato,6
Totsugeus,6
Touretto,6
TrawnAdmiral,6
Trollallero,6
Trueman,6
tsurugipoke,6
TTF,6
ttigers,6
Tunaconsuma,6
Ty4nKo,6
TytantsPoney,6
UchihaItachi,6
UKR,6
Ulquiorra,6
Ultima21,6
umad,6
UnderTheGun,6
Uninvited,6
UNIQUE,6
UNLUCKY,6
WolfMack,6
Updog,6
Utoko,6
Valeera,6
Verdan,6
vitriel,6
Vorder,6
Vose,6
Vuk,6
vvebber0721,6
Vychang07,6
W1ndu,6
Wayne,6
Weak3,6
Wecc,6
Weiste,6
WerQ2K,6
Whitebird,6
Windfield,6
WITHER,6
Wizoh,6
Worix,6
Worldchaos,6
Wraith,6
wyz,6
Zaelar,6
zheming,6
xavgoh,6
xen,6
XLNT,6
XmasłoX,6
Yanlex,6
Yen,6
yoGe,6
Zackie001,6
Zany,6
Zappyx,6
ZARY,6
Zero,6
Zeromeia,6
ZeusCloud10,6
ZFCrow,6
Zhelezny,6
ZNick,6
Zoso,6
Zuka,6
Zw1ts,6
ЗдраВсТВуйТе,6
КвасныйДворф,6
МерзлыйПес,6
МощныеШтаны,6
Торилейнз,6
ぎるす,6
くろの,6
サイゼリア,6
サンボンリボン,6
ししゃも,6
じゃがバター,6
しょーしょー,6
ちゃんこ,6
とみー,6
ふぃーゆ,6
みょんちー,6
もっちょ,6
よすけ,6
갈라져라현실,6
걸레닦이,6
검영,6
겐조,6
고소미,6
ШтанУдачи,6
つくね,6
みょん,6
거믄색,6
공감각,6
근굥이,6
금자,6
김철진,6
김태연,6
나는싫다,6
다이무스,6
대두,6
델피,6
돌맹이,6
땅크로리,6
라면좀끼리보이,6
로아,6
마법노움,6
맥크리티컬,6
메카,6
모카냠냠,6
무시무시한발바닥,6
무에서유창조,6
무작위작명,6
문정모,6
문흥동하스귀신,6
뒷차,6
듀리콘,6
박정수,6
비오는수채화,6
사인람간임,6
삼성갤럭시신호,6
상성,6
숙씨,6
쓰랄로전설찍기,6
씨와제,6
아무거나해,6
아프리카청춘이다,6
알수없음,6
알파치노,6
알파카,6
엄지용,6
에멜,6
엔진이,6
여관주인,6
오메가,6
오왠바라기,6
외제니,6
원스,6
유리멘탈,6
읭여,6
아구몽,6
오빠차,6
운없는사람1,6
이석천123,6
이스티,6
일다나,6
자물쇠와열쇠,6
전설찍고즐겜,6
전우정,6
제마당조,6
조사모삼,6
지갑전사,6
진행요원,6
청월,6
최재황수제자,6
카히드라이,6
케빈,6
킁킁이,6
테논,6
패륜왕아서스,6
폭팔펀치,6
하스스톤,6
하쓰,6
행복꽃사슴농장,6
후니,6
丁丁是個人才,6
中壢王已汰,6
亡靈巴龍,6
亡靈束褲,6
別拍照我怕羞,6
培偷偷,6
夏雨生,6
奶蓋綠微冰半糖,6
學姐的花內褲,6
安你好我三歲,6
安富帥,6
宏程,6
将希,6
尊天天,6
屏東老吳,6
強力貓頭鷹,6
是奶嘴兒,6
東施效顰蘋果汁,6
沒時間跟你玩遊戲,6
清秋皓月,6
煞氣阿翔,6
獨尊,6
研社人,6
羅傑媽媽,6
羊哥,6
臭臭地精,6
臭臭武僧,6
蒼崎月,6
蜜蜜,6
街頭起丘特,6
那誰,6
銀風,6
陰天傍晚,6
風中動鳴,6
飆風戰士,6
齊力斷金,6
Aalcoolix,5
Aaronsol18,5
AbRaCaDaBrA,5
Ad2mlim,5
adamine,5
Adamsio,5
AEnima,5
aes,5
agata0128,5
AgentW,5
Agger,5
AIChristBot,5
Ainlex1,5
Ainur,5
Akan,5
akashi,5
Akhalaka,5
al13bash,5
AleGarcia,5
AlekDziarmak,5
altir,5
alto,5
alucard,5
Amita,5
andreki007,5
Andrinay,5
Andrws,5
anduriel,5
Antonio,5
Anubis,5
Appa,5
ARAI,5
Arcade,5
Artefy,5
assiette,5
Asu,5
ASXRVT,5
AureoShock,5
AvalonSV,5
Avengers,5
Avi,5
AwaKening,5
AwesOme,5
azabu,5
Bartosz,5
BattlePants,5
BAZINGA,5
Beldram,5
BestUdyrEu,5
Bequiet,5
BibleThump,5
billsnyder,5
Birmill,5
BITnero,5
BixchRabbit,5
blacksnap,5
bLAKERS,5
BloodyBlue,5
Bojanged,5
BonPaPa,5
BooGyeKi,5
borto,5
BustaJ,5
Cafeaulait,5
CATS,5
Celeritas,5
Celesteela,5
cgd,5
chanhc,5
CheersLove,5
chewlen,5
Chitoge,5
Choccocci,5
Choco,5
ChrisBl,5
chrisis,5
Christian91,5
Clust0r,5
Denys,5
Chump,5
CluVoXir,5
clzls,5
cnusc,5
Cogshallman,5
CoLdDeAtH,5
coldshot,5
Comet,5
Conqueror90,5
copyMhead,5
Cottoncandy,5
CrIKxS,5
CrunchyFrog,5
Cuco,5
DaLkOngDDu,5
Damjan,5
Dant3,5
Dante,5
Darkmoon,5
DarkXBlazer,5
DDMan,5
Deadlinelyu,5
DeadUndead,5
Deckizz,5
Deerjason,5
Dekkster,5
Dennis,5
deui,5
DeVa,5
Diana,5
DidJuno,5
Diego,5
dionysus,5
djs42012,5
DLM21,5
DocP,5
doge34,5
Donde,5
DoubleAgent,5
Drag0nspirit,5
DrMengueche,5
Dsaporito,5
Dvck,5
dydyqja,5
DylanHuang,5
Eamp,5
Ebanezpoopoo,5
Ebbe,5
EcoFlow,5
Eggeyes,5
Ein,5
Eki,5
Elefanti123,5
ElephantMan,5
Eleven,5
Endor,5
Enthralimund,5
Envius,5
EpicWarrior,5
Epist,5
Eric,5
erika,5
Escherichia,5
EtherNell,5
EvilArthas,5
Evilgod,5
EviLtxurman,5
EzeKieL,5
Fai,5
Faith7,5
Falla,5
Fapz,5
FelipeMelo,5
FerranDAC,5
Fiery,5
Fireworks871,5
first,5
FlamingSword,5
flevils,5
FlyingLem0n,5
freeHAT,5
Fritz,5
FrKaKTyCmst,5
GabeLF,5
Gabriel,5
Ganz,5
Gateway,5
Gatsu,5
GAZUAT,5
GDimitri,5
Gecko,5
ghuke,5
giaccho,5
GiBBiN,5
GibbonSlayer,5
Gideon,5
gidofa,5
GipsyDanger,5
Gnomdeguerre,5
Gonzolopez,5
Gooner,5
Goprofast,5
GQG,5
gr7igoris,5
Grrr,5
Gust,5
haemil,5
Hakenine,5
Hakkaro,5
Hazfrost,5
HeatShock,5
Heki,5
hekominJAPAN,5
HENK,5
henyori,5
Heo,5
Hercules,5
Herdoré,5
HIRO,5
HIT,5
HongUn,5
Horo,5
Howard,5
Hradz,5
hukuji2,5
Hulkeinstein,5
Hurney,5
huyfrog,5
IceWorker,5
ift,5
IllustBeast,5
Iluminato,5
Infamous,5
Infearmous,5
Insane,5
Inside59,5
intc,5
Iqueen,5
Isak,5
ITzMortalTz,5
IwillHuntYou,5
Jacky,5
jameslen,5
javorman0123,5
jbillyb,5
JDddsan97,5
JeeeeeeeeeeE,5
jelly,5
Jeorg,5
Jez,5
JhoelMP,5
jillya,5
Johndoeuf,5
JSE,5
JtrX,5
JuanpeSpain,5
Juliano,5
junglist,5
JUNK,5
JustErnest,5
Kampffrosch,5
Kann,5
KasperRasDK,5
Kaspervoas21,5
Kayn,5
KBTIT,5
Kenobi,5
kevinkao,5
Khan,5
kikorin,5
Killmeman,5
KingofRingx3,5
kinkakuji,5
kirto,5
Kk2ei,5
kkkkkkkkkkk,5
kodzak,5
kolitas,5
Kordyon,5
Kotty,5
Kräuterorc,5
Krobson,5
KuasiEvil,5
Kuk5514,5
KusonaE,5
KyoHoon,5
kyoji,5
Kyouma,5
L3bjorge,5
L3GENDARY,5
l40kg,5
LazyTurtle,5
lelaidcopain,5
Lepo,5
Liam,5
Lien,5
lilhearthie,5
Liorlich,5
loafs,5
Locke,5
Lostanswer,5
luchin,5
Lyme,5
M1LAN,5
macaco89,5
MacDuck,5
Madara,5
Mael,5
MagicAndy,5
Majus,5
MAMAMOO,5
MamaStiflers,5
ManaCh,5
Mandam,5
Mani,5
ManWithBfg,5
Marche,5
marcos150231,5
Maricochet,5
Marius,5
Markelos,5
MarkVII,5
martenJ,5
marwan24,5
Mast3rman,5
Mathy5,5
mattya0815,5
Mauro97,5
Maximal,5
Mbeju,5
megaballer,5
Menny,5
Mercenary,5
Metelitswag,5
Mhee,5
MIKANLOVE,5
Milithemir,5
MiLkAT,5
MishkaTishka,5
MiuCAT,5
Miyak,5
MojoJojo,5
MorganBlack,5
Motonor,5
Moxis,5
Moxit,5
MpVanellope,5
Mqstar,5
MrBadr20,5
MrTen,5
Mugibaby,5
MukaMuka,5
Muldark,5
Munier,5
Mur0,5
Mutakk00,5
n00b,5
nadziratel,5
NaRae,5
Narbura,5
NekrozGod,5
Nerdblaster,5
NEX4TE,5
Nichocolates,5
Nikkei,5
nikrus,5
Nikzzzz,5
njukas,5
NMNMN,5
No13,5
Noise,5
nonamem,5
NORE,5
NovaGrap,5
noway,5
Nuno,5
Ogiez,5
ogushu,5
Ohdollar,5
Ohhwell,5
ON4ssIy,5
Owen,5
Padelos,5
pantera,5
patience,5
PaulVillepou,5
PeLanza,5
PelicanFoot,5
Peter2906,5
philip92418,5
PHONETAP,5
Physic,5
Pirata,5
PluralMinds,5
porevi,5
Poskro,5
Poupouli,5
poyu,5
Pozii,5
Problems,5
Prometheus,5
Psykooz,5
Pulverizer,5
Pyntsee,5
Quan,5
Quintas,5
qwdrG0d,5
radbtr,5
Raijuu,5
Rajah,5
Rampage,5
RamzanPWNZ,5
Randmdude,5
Ranlit,5
Ray,5
Raydric,5
Raynier,5
rCore,5
RedPandaBear,5
RedRad,5
RemixJia,5
Renataso,5
Revastran,5
RNGesus,5
Rob,5
Rockets,5
Rocklee,5
RojNation,5
Rombosman,5
Ronnie,5
rop,5
Ruiner,5
s4mule,5
safo20,5
Sage,5
SaGeek,5
SaltySandy,5
Sam,5
Sambabrazil,5
SantaPri,5
SawerArt,5
SDDUCK,5
seba,5
SecondHope,5
SEMINEET,5
Sergiy,5
Seriguchi,5
SevenLove,5
SexyEnvelope,5
sezames,5
ShadowDrive,5
shady,5
Shazzrah,5
SHEF,5
Siege,5
SiLeNCe,5
SilentStorm,5
Sku,5
sleepii,5
SLIFERTSD,5
Snatta,5
SomeShawn,5
SoMuchFUN,5
Songsong,5
SpliffHS,5
Srrrrrrrrr,5
Ssol,5
stimpi666,5
StopWhining,5
Stormbolt,5
Strategist,5
Substitution,5
Sunnyqtx,5
supersmooth,5
Superwulfi,5
Sushilol,5
Swarm,5
Syllit,5
Sylv,5
Syn,5
SyuSyu,5
TalexPrime,5
Tanksta,5
TaSa,5
Tashkinatora,5
Tastatur,5
Tcho,5
terravore,5
TestZwei,5
TexPerkins,5
thadcastle,5
TheBest,5
TheDarkLord,5
TheKepler22b,5
theo,5
TheTCGamer,5
theweezz,5
ThirtyIce,5
ThisIsChris,5
Thisisprobiz,5
Thugga,5
tianyi86,5
tigerSix,5
Tiki,5
TiltRrantes,5
timeway,5
Timmy,5
TiwAz,5
tmn,5
Tomo,5
TorJado,5
Trent,5
TreoLeo,5
TripleC,5
tripp,5
Trojan,5
troll,5
tspn,5
TurtleArtist,5
Tuttek,5
tuttu,5
Tyfoon,5
tylerfitch,5
UGT251,5
Uiogd,5
uLeznamec,5
Und3R,5
Undertaker,5
UNFORGIVENgr,5
UnholyMurloc,5
Unjust,5
ValenS,5
VanHalen,5
Vealot,5
Ved,5
VespaYedder,5
VideoVandal,5
vis,5
Vitii,5
vladbuld,5
Vlčák77,5
Vuddu18,5
vusieupeo,5
Wandal,5
Warlor,5
Warshavin,5
Watermelon,5
WayneGregzky,5
Whoisme,5
Whypekz,5
Wilbell,5
WildPants,5
WillDaBeast,5
Windkit,5
Wolf,5
wtk300,5
wtybill,5
Wydread,5
Xont,5
xxx14147,5
yamasaw,5
yasacidodi,5
yeschicken,5
Yorkyy,5
Yue,5
Zartres10,5
zeal123,5
Zed,5
アマガミ狼,5
おてぃか,5
だにぃ,5
たまさん,5
だんぷぅ,5
ちくわ,5
개초보주의,5
갱연이,5
Zero0,5
Zetalot,5
zOrg,5
zoshit228,5
Zuko9011,5
КАЛЧЁРТАТАМ,5
Маклауд,5
アァァァ,5
コイン!,5
しひ,5
チスター,5
ミフネ,5
간장어,5
거석,5
겐지,5
굿보이,5
기가윈드,5
뀨뀨,5
나는누구여긴어디,5
나봉봉갈갈,5
넘부러워요,5
노란코코넛,5
니엄마멀록,5
데쓰휴망,5
똑똑한망치,5
러브앤피스,5
레미닢,5
메르츠,5
명지대훈남,5
뿌요뿌요뿌,5
산올이,5
아르제니아,5
야다몽,5
엉큼한거북이,5
에이핑두,5
영도리,5
용이,5
모래킹,5
미지근한콜라,5
민뚜닝,5
민성이의삼두근,5
병처으리,5
뿌야,5
소히윤,5
시골쥐,5
신정고리퍼,5
실수,5
엘렌시아드,5
원쓰,5
원호짱123,5
이느낌그대로,5
이온,5
이츄,5
인간공학,5
정태현,5
쿤아게로,5
公主病,5
危險份子,5
奪命束褲,5
好日子,5
如果能重返榮耀,5
御影殘風,5
我是神,5
打錯自己投了好爆,5
易世,5
曉夢,5
杏樹枝,5
전설,5
정령왕,5
킬각나오면인사,5
파라모터,5
흑백필름,5
惡魔爻鬼舞,5
戀風小朔,5
東東,5
淺酌,5
白白的好噁心,5
航向了髮際線,5
蒼狼,5
達岡烤秋琴,5
銅鑼燒餅,5
陳建豪,5
雨之神,5
餡掛炒飯,5
