,Warrior,Priest,Shaman,Warlock,Paladin,Rogue,Mage,Druid,Hunter,
Australia,AAECAQcIogLQAtHDAtPFAs/HApL4Ap74Ao77AgtLkQOiBPwE/webwgKixwLK5wLi+AKe+wKz/AIA,AAECAa0GBpACxQTVCtYKkNMC4vgCDKEE5QT2B40I8gz7DNHBAsnHAujQAsvmAvzqAr3zAgA=,AAECAaoICP8F08UCnOICq+cCw+oCp+4C7/cCmfsCC4EE9QTeBf4Fsgb7DJfBAsfBApvLAvPnAu/xAgA=,AAECAf0GCKMBogLTxQKgzgKX0wLb6QKc+AKAigMLigHbBrYHm8IC58sCrs0C8tACiNIC2OUC6OcC4vgCAA==,AAECAZ8FBKcF+Qr96gKe+AINRvMF68ICg8cCuMcC48sC+9MC0eEC1uUCteYC4vgC9v0C1v4CAA==,AAECAaIHBK8E/eoCnvgC5/oCDYwCywPUBfMF9QXdCIHCAuvCAtHhAovlAqbvAsf4AuL4AgA=,AAECAf0EBHHtBaLTAu72Ag27ApUDqwS0BOYElgXsBcHBApjEAo/TAvvsApX/Arn/AgA=,AAECAZICCFa0A8UE3gWZ0wKb6ALi+AL1/AILQF/pAdMD5AigzQKHzgKY0gKe0gLb0wK/8gIA,AAECAR8IRPgI08UChtMCnOICtuoCy+wCgPMCC40BlwirwgLYwgKczQLd0gKL4QLh4wLy8QK5+ALi+AIA,
Austria,AAECAQcM3gX5DNPFAqLHArrsApruAs3vApL4Ap74AuL4ArP8AqCAAwlLogT/B5vCAsrnAp3wAoP7Ao77Ap77AgA=,AAECAa0GBIgF7QXi+ALxgAMNigH7AeUE0QrRwQLYwQLwzwLo0AKp4gKm8AKC9wKh/gLQ/gIA,AAECAaoICPPCAtPFAsLOAuvPApziAqfuAu/3Apn7Agv5A/UE3gX+BevCAsrDApvLAvvTAtHhAt/pAuL4AgA=,AAECAf0GBK8EnOIC7/ECj4IDDTCEAc4Hwgj3DJvLAvfNAp/OAvLQAtHhAofoAvT3AtP4AgA=,AAECAZ8FBKcF+Qr96gKe+AINRvMF9QWDxwK4xwLjywL70wLR4QLW5QK15gLi+AL2/QLW/gIA,AAECAaIHBIbCAoDTAs/hAsPqAg3EAZwC7QKfA4gF1AWGCZfBAvzBAsfTAtvjAvbsAuL4AgA=,AAECAf0EBnGrBO0FotMC7vYC74ADDLsClQO0BOYElgXsBcHBApjEAo/TAvvsApX/Arn/AgA=,AAECAZICAvcDmdMCDkBf/QLmBYUI5AigzQKHzgKY0gKe0gLb0wKE5gLX7wLi+AIA,AAECAR8K+AjtCdPFAobTApziArbqAv3qAsvsAoDzAuL4AgqNAZcIq8IC2MICnM0C3dICi+EC4eMC8vECufgCAA==,
Belarus,AAECAQcOogL8BKoG+QzRwwLTxQLPxwK67AKa7gLN7wKS+AKe+AKD+wKggAMIS6IE/webwgLK5wKd8ALi+AKe+wIA,AAECAa0GBsUE1QrWCvsM08UCkNMCDJACoQTlBPYHjQjyDNHBAsnHAujQAsvmAvzqAr3zAgA=,AAECAaoICPsM08UCnOICq+cCw+oCp+4C7/cCmfsCC4EE9QTeBf4F/wWyBpfBAsfBApvLAvPnAu/xAgA=,AAECAf0GBq8E8wX3zQKc4gLv8QKPggMMMIQBzgfCCPcMm8sCn84C8tAC0eECh+gC9PcC0/gCAA==,AAECAZ8FBJvCAuvCAv3qAp74Ag1G8wX5CoPHArjHAuPLAvvTAtHhAtblArXmAuL4Avb9Atb+AgA=,AAECAaIHBIbCAoDTAs/hAsPqAg3EAZwC7QKfA4gF1AWGCZfBAvzBAsfTAtvjAvbsAuL4AgA=,AAECAf0EBHGi0wLu9gLvgAMNuwKVA6sEtATmBJYF7AXBwQKYxAKP0wL77AKV/wK5/wIA,AAECAZICCFa0A5nTAp3iApfoApvoAo/2AvX8AgtAX+kB/gHTA+QIoM0Ch84CmNICntIC29MCAA==,AAECAR8IRPgI08UChtMCtuoCy+wCgPMCtPYCC40BlwirwgLYwgKczQLd0gKL4QLh4wLy8QLv9QK5+AIA,
Belgium,AAECAQcIkQP5DNPFAs3vAp3wApL4Ap74AqCAAwtLogKiBP8Hm8ICoscCyucC4vgCg/sCjvsCnvsCAA==,AAECAa0GAvsMvsgCDvgC5QT2B6UJ0QrSCvIM0cEC2MECzswCpfUCl/YCkfsCzIEDAA==,AAECAaoICP8F08UCnOICq+cCw+oCp+4C7/cCmfsCC4EE9QTeBf4Fsgb7DJfBAsfBApvLAvPnAu/xAgA=,AAECAf0GCJMEigfJwgKX0wKd4gLb6QKc+ALi+AILigH3BLYH4QfnywLy0AL40AKI0gKL4QL85QLo5wIA,AAECAZ8FCvsB8gWPCbnBAojHAqvQArfpAv3qAvH+AqCAAwrcA/QF9gebwgKl9QLW/gLZ/gLh/gKRgAPMgQMA,AAECAaIHBIbCAoDTAs/hAsPqAg3EAZwC7QKfA4gF1AWGCZfBAvzBAsfTAtvjAvbsAuL4AgA=,AAECAf0ECLQDxQTtBbgIws4C7vYCxvgClf8CC4oByQOrBMsE5gSWBZjEAs3rAuL4ArT8Arn/AgA=,AAECAZICCLQDmdMCm+gC/esCmu4C4vgC5PsC9fwCC0Bf6QHTA+QIoM0Ch84CmNICntIC29MCv/ICAA==,AAECAR8G+AjtCYbTApziArbqAoDzAgyNAZcIq8IC2MICnM0C3dICi+EC4eMCy+wC8vECufgC4vgCAA==, 
Brazil,AAECAQcMkQPeBaoG+QzKwwLTxQLPxwKa7gKS+AKe+AKO+wKggAMJS6ICogT/B5vCAqLHAsrnAoP7Ap77AgA=,AAECAZ/HAgaQAsUE1QrWCqDOApDTAgyhBOUE9geNCPIM+wzRwQLJxwLo0ALL5gL86gK98wIA,AAECAfe5AgreBf8F08UCnOICq+cCw+oCy+wCp+4C7/cCmfsCCoEE9QT+BbIG+wyXwQLHwQKbywLz5wLv8QIA,AAECAfqUAwyKAZMBowHyBfsGigf7B6DOAsLOApfTAsvsAs30Agm2B+EHjQjnywLx0AL90AKI0gLY5QKAigMA,AAECAaToAgSvBJXOAv3qAp74Ag1G8wX1BfkK68ICg8cCuMcC48sC+9MC0eEC1uUCteYC4vgCAA==,AAECAYO6AgSGwgKA0wLP4QLD6gINxAGcAu0CnwOIBdQFhgmXwQL8wQLH0wLb4wL27ALi+AIA,AAECAf0EBO0FotMC7vYCvfoCDbsClQOrBLQE5gSWBZjEAvvsApLvAqP9ApX/Arn/Au+AAwA=,AAECAbSKAwi0A5nTApvoAv3rApruAuL4AuT7AvX8AgtAX+kB0wPkCKDNAofOApjSAp7SAtvTAr/yAgA=,AAECAR8I+AjtCdPFAobTApziArbqAsvsAoDzAguNAZcIq8IC2MICnM0C3dICi+EC4eMC8vECufgC4vgCAA==,
Bulgaria,AAECAQcK0ALeBdPFAqLHAs/HAs3vApL4Ap74AuL4AqCAAwpLogKiBP8Hm8ICyucCg/sCjvsCnvsCs/wCAA==,AAECAa0GAsUEkNMCDpACoQTlBPYHjQjyDPsM0cECyccC6NACy+YC/OoCvfMC4vgCAA==,AAECAaoICCCZAv4F88ICws4C9uwCp+4CzfQCC70B0wHZB/AHsQiRwQKswgKbywKW6AKU7wKw8AIA,AAECAf0GBK8E8wWc4gKPggMNMIQBzgfCCPcMm8sC980Cn84C8tAC0eECh+gC9PcC0/gCAA==,AAECAZ8FAuvCAp74Ag5G8wX1BfkKg8cCuMcC48sC+9MC0eEC1uUCteYC/eoC4vgC1v4CAA==,AAECAaIHBK8E/eoCnvgC5/oCDYwCywPUBfMF9QXdCIHCAuvCAtHhAovlAqbvAsf4AuL4AgA=,AAECAf0ECNACxQTTxQKgzgLCzgKb0wLy0wKj6wILTYoByQPsB5vCApbHApvLAtXhAtfhApbkAuL4AgA=,AAECAZICApnTAoTmAg5AX/0C9wPmBYUI5AigzQKHzgKY0gKe0gLb0wLX7wLi+AIA,AAECAR8EhtMCy+wCgPMCoIADDY0B+wGXCKvCAtjCApzNAt3SAovhAuHjAu/1ArT2Arn4AuL4AgA=,
Canada,AAECAQcKogL8BPkM0cMC08UCze8CnfACkvgCnvgCoIADCkuiBN4F/webwgLK5wKD+wKO+wKe+wKz/AIA,AAECAa0GBpACxQTWCvsMkNMC4/cCDKEE5QT2B40I1QryDNHBAsnHAujQAsvmAvzqAr3zAgA=,AAECAaoICPPCAtPFAsLOAuvPApziAqfuAu/3Apn7Agv5A/UE3gX+BevCAsrDApvLAvvTAtHhAt/pAuL4AgA=,AAECAfqUAwSvBJziAu/xAo+CAw0whAHOB8II9wybywL3zQKfzgLy0ALR4QKH6AL09wLT+AIA,AAECAZ8FCPIFjwm5wQKr0AK36QLZ/gLx/gKggAML+wHcA/QFzwb2B5vCAojHAqX1AuH+ApGAA8yBAwA=,AAECAaIHBIbCAoDTAs/hAsPqAg3EAZwC7QKfA4gF1AWGCZfBAvzBAsfTAtvjAvbsAuL4AgA=,AAECAf0EBO0FotMC7vYCvfoCDXG7ApUDtATmBJYF7AXBwQKYxAKP0wL77AKV/wK5/wIA,AAECAZICCLQDmdMCm+gC/esCmu4C4vgC5PsC9fwCC0Bf6QHTA+QIoM0Ch84CmNICntIC29MCv/ICAA==,AAECAR8K+AjtCdPFAt3SAobTApziArbqAsvsAoDzAuL4AgqNAZcIq8IC2MICm8sCnM0Ci+EC4eMC8vECufgCAA==, 
Chile,AAECAQcI08UCz8cCw+oCze8CkvgCnvgCjvsCoIADC0uiAqIE/webwgKixwLK5wK67AKd8AKD+wKe+wIA,AAECAa0GBJACxQTWCpDTAg2hBOUE9geNCNUK8gz7DNHBAsnHAujQAsvmAvzqAr3zAgA=,AAECAaoICCCZAv4F88ICws4Cp+4CzfQCk4ADC70B0wHZB/AHsQiRwQKswgKbywKW6AKU7wKw8AIA,AAECAf0GBK8E980CnOICj4IDDTCEAc4Hwgj3DJvLAp/OAvLQAtHhAofoAu/xAvT3AtP4AgA=,AAECAZ8FAqcFnvgCDkbzBfkK68ICg8cCuMcC48sC+9MC0eEC1uUCteYC4vgC9v0C1v4CAA==,AAECAaIHBsgDrwTKywKe+ALi+ALn+gIMjALLA9QF8wX1Bd0IgcIC68IC0eECi+UCpu8Cx/gCAA==,AAECAf0EBnHtBb/BAqLTAu72Arn/Agy7ApUDqwS0BOYElgXsBcHBApjEAo/TAvvsApX/AgA=,AAECAZICApnTAuL4Ag5AX/0C9wPmBYUI5AigzQKHzgKY0gKe0gLb0wKE5gLX7wIA,AAECAR8ExwPJBIbTAqeCAw2eAagCtQOHBOsH/gyOwwKdzALXzQLd0gLf0gLj0gKL5QIA, 
China,AAECAQcIogLSApAHjs4Cws4Cn9MC6uoCkvgCC0uiBJEG/wf7DMzNAs/nApvzAvT1AuL4AoP7AgA=,AAECAa0GAvsMvsgCDvgC5QT2B6UJ0QrSCvIM0cEC2MECzswCpfUCl/YCkfsCzIEDAA==,AAECAaoICt4F+wzTxQKc4gKr5wLD6gKn7gLv9wLq+gKZ+wIKgQT1BP4F/wWyBpfBAsfBApvLAvPnAu/xAgA=,AAECAcn1AgijAdsGzAjTxQKgzgKX0wLb6QKc+AILigG2B5vCAufLAq7NAvLQAojSAtjlAujnAuL4AoCKAwA=,AAECAYsWBtwDucECt+kC4vgC8f4CoIADDEanBePLAqX1Apn3Apj7Avb9Atb+Atf+AuH+ApGAA8yBAwA=,AAECAYO6AgayAq8E8wX96gKe+ALn+gIMjALLA9QF9QXdCIHCAuvCAtHhAovlAqbvAsf4AuL4AgA=,AAECAa0GAvsMvsgCDvgC5QT2B6UJ0QrSCvIM0cEC2MECzswCpfUCl/YCkfsCzIEDAA==,AAECAbSKAwi0A8UEws4CmdMCm+gC4vgC5PsC9fwCC0Bf6QHTA+QIoM0Ch84CmNICntIC29MCv/ICAA==,AAECAYoWBMkE6dIChtMCmPACDY0BqAK1A4cElwjbCf4M3dIC39IC49IC4eMC6uMCh/sCAA==, 
Czech Republic,AAECAQcKogLQAt4F+wzTxQLPxwKa7gKS+AKe+AKggAMKS6IE/webwgKixwLK5wK67AKd8ALi+AKe+wIA,AAECAa0GBsUE1Qr7DNPFAqDOApDTAgyQAqEE5QT2B40I8gzRwQLJxwLo0ALL5gL86gK98wIA,AAECAaoICPUEl8EC88IC08UC688CnOICp+4C7/cCC/kD3gXzBf4F68ICysMCm8sC+9MC0eEC3+kC4vgCAA==,AAECAf0GBPMFnOIC7/ECj4IDDTCEAfcEzgfCCPcMm8sCn84C8tAC0eECh+gC9PcC0/gCAA==,AAECAZ8FBK8Em8ICnvgCzIEDDUbzBfUFg8cCuMcC48sC+9MC0eEC1uUCteYC4vgC9v0C1v4CAA==,AAECAaIHBIbCAoDTAs/hAsPqAg3EAZwC7QKfA4gF1AWGCZfBAvzBAsfTAtvjAvbsAuL4AgA=,AAECAf0ECNAC08UCz8cCoM4Cws4Cm9MC8tMCo+sCC02KAckD7AebwgKWxwLV4QLX4QKW5AK38QLi+AIA,AAECAZICBpnTApvoAv3rApruAr/yAuT7AgxAX+kB/gHkCKDNAofOApTSApjSAp7SAtvTAoTmAgA=,AAECAR8K+wX4CO0J08UChtMCnOICtuoCy+wCgPMC4vgCCo0BlwirwgLYwgKczQLd0gKL4QLh4wLy8QK5+AIA,
Denmark,AAECAQcKkQPeBfkM08UCz8cCze8CkvgCnvgC4vgCoIADCkuiAqIE/webwgKixwLK5wKD+wKO+wKe+wIA,AAECAa0GBpACxQTVCtYKkNMC4vgCDKEE5QT2B40I8gz7DNHBAsnHAujQAsvmAvzqAr3zAgA=,AAECAaoICPPCAtPFAsLOAuvPApziAqfuAu/3Apn7Agv5A/UE3gX+BevCAsrDApvLAvvTAtHhAt/pAuL4AgA=,AAECAf0GBvsHoM4Cws4Cl9MCy+wCzfQCDIoB8gX7BooHtgfhB40I58sC8dAC/dACiNIC2OUCAA==,AAECAZ8FBPkK68IC/eoCnvgCDUanBfMF9QWDxwK4xwLjywL70wLR4QLW5QK15gLi+ALW/gIA,AAECAaIHBIbCAoDTAs/hAsPqAg3EAZwC7QKfA4gF1AWGCZfBAvzBAsfTAtvjAvbsAuL4AgA=,AAECAf0EBtAC08UCoM4Cws4Cm9MC8tMCDE2KAckD7AebwgKWxwLV4QLX4QKW5AK+7AK38QLi+AIA,AAECAZICBrQDxQTCzgKZ0wKb6AL1/AIMQF/pAdMD5AigzQKHzgKY0gKe0gLb0wK/8gLi+AIA,AAECAR8G+AiG0wKc4gK26gLL7AKA8wIMjQGXCO0Jq8IC2MICnM0C3dICi+EC4eMC8vECufgC4vgCAA==, 
Finland,AAECAQcGkQP5DNPFApL4Ap74AqCAAwxLogKiBN4F/webwgLK5wLi+AKD+wKO+wKe+wKz/AIA,AAECAa0GBsUEigfVCvsMkNMC4vgCDJACoQTlBPYHjQjyDNHBAsnHAujQAsvmAvzqAr3zAgA=,AAECAaoICiD+BYoHwAexCPPCAqbOAqfuAp7wAs30Agq9AdMB2QfwB5HBApvLApTvArDwAvbwAo/7AgA=,AAECAf0GBK8EnOIC7/ECj4IDDTCEAc4Hwgj3DJvLAvfNAp/OAvLQAtHhAofoAvT3AtP4AgA=,AAECAZ8FAuvCAp74Ag5G8wX5CoPHArjHAuPLAvvTAtHhAtblArXmAv3qAuL4Avb9Atb+AgA=,AAECAaIHBrICrwSfwgL96gKe+ALn+gIMjALLA9QF8wX1Bd0IgcIC68IC0eECi+UCpu8C4vgCAA==,AAECAf0ECJwC0ALKwwLTxQKbywKgzgLCzgKb0wILTYoByQPsB5vCApbHAtXhAtfhApbkAqbwAuL4AgA=,AAECAZICCLQDxQTeBcLOApnTApvoAr/yAvX8AgtAX+kB0wPkCKDNAofOApjSAp7SAtvTAuL4AgA=,AAECAR8I+AjtCdPNAobTApziArbqAsvsAoDzAguNAZcIq8IC2MICnM0C3dICi+EC4eMC8vECufgC4vgCAA==,
France,AAECAQcK3gWqBvkM08UCz8cCmu4CkvgCnvgCjvsCoIADCkuiAqIE/webwgLKwwKixwLK5wKD+wKe+wIA,AAECAa0GBMUE1gqgzgKQ0wINkAKhBOUE9geNCPIM+wzRwQLJxwLo0ALL5gL86gK98wIA,AAECAaoICP8F08UCnOICq+cCw+oCp+4C7/cCmfsCC4EE9QTeBf4Fsgb7DJfBAsfBApvLAvPnAu/xAgA=,AAECAfqUAwr7BooH+wf4DKDOAsLOApfTAsvsAs30AoCKAwqKAfIFtgfhB40I58sC8dAC/dACiNIC2OUCAA==,AAECAZ8FBK8Elc4C/eoCnvgCDUbzBfUF+QrrwgKDxwK4xwLjywL70wLR4QLW5QK15gLi+AIA,AAECAaIHBK8E/eoCnvgC5/oCDYwCywPUBfMF9QXdCIHCAuvCAsrDAtHhAovlAqbvAuL4AgA=,AAECAf0EBO0FotMC7vYCvfoCDbsClQOrBLQE5gSWBZjEAvvsApLvAqP9ApX/Arn/Au+AAwA=,AAECAZICApnTAoTmAg5AX/0C9wPmBYUI5AigzQKHzgKY0gKe0gLb0wLX7wLi+AIA,AAECAR8I+AiG0wKc4gK26gLL7ALc7gLy8QKA8wILjQGXCO0Jq8IC2MICm8sCnM0C3dICi+EC4eMCufgCAA==,
Germany,AAECAQcMogL7DNPFAqLHAs/HArrsApruAs3vAp3wApL4Ap74AqCAAwlLogT/B5vCAsrnAoP7Ao77Ap77ArP8AgA=,AAECAa0GDAiQAsUE5QTVCvsM08UCyccCoM4CkNMCju4C4vgCCaEE9geNCPIM0cEC6NACy+YC/OoCvfMCAA==,AAECAaoIDoEE3gWNCPsM08UCnOICq+cCw+oCp+4CnvAC7/EC7/cC6voCmfsCCPUE/gX/BbIGl8ECx8ECm8sC8+cCAA==,AAECAf0GBK8EnOIC/eoCj4IDDTCEAc4Hwgj3DJvLAvfNAp/OAvLQAtHhAofoAvT3AtP4AgA=,AAECAZ8FCK8EpwXzBfUFlc4C/eoCnvgC4vgCC0b5CuvCAoPHArjHAuPLAvvTAtHhAtblArXmAtb+AgA=,AAECAaIHBLICrwTL7ALi+AINtAGMAs0D9gSbBYgHhgmBwgLrwgLc0QLb4wKm7wL1gAMA,AAECAf0EBAxxotMC7vYCDbsClQOrBLQE5gSWBewFwcECmMQCj9MC++wClf8Cuf8CAA==,AAECAZICCLQD3gWZ0wKb6AL96wKa7gLk+wL1/AILQF/pAdMD5AigzQKHzgKY0gKe0gLb0wLi+AIA,AAECAR8K+wX4CO0J08UC3dIChtMCnOICtuoCy+wCgPMCCo0BlwirwgLYwgKczQKL4QLh4wLy8QK5+ALi+AIA,
Greece,AAECAQcIkwT5DM/HApruAs3vApL4Ap74AqCAAwtLogKiBP8Hm8IC08UCoscCyucCg/sCjvsCnvsCAA==,AAECAa0GBMUE1QqQ0wLj9wINkAKhBOUE9geNCPIM+wzRwQLJxwLo0ALL5gL86gLi+AIA,AAECAaoICPPCAtPFAsLOAuvPApziAqfuAu/3Apn7Agv5A/UE3gX+BevCAsrDApvLAvvTAtHhAt/pAuL4AgA=,AAECAf0GBK8EnOIC7/ECj4IDDTCEAc4Hwgj3DJvLAvfNAp/OAvLQAtHhAofoAvT3AtP4AgA=,AAECAZ8FAq8EnvgCDkbzBfUF+QrrwgKDxwK4xwLjywKVzgL70wLR4QLW5QK15gLi+AIA,AAECAaIHBK8E/eoCnvgC5/oCDYwCywPUBfMF9QXdCIHCAp/CAuvCAtHhAovlAqbvAuL4AgA=,AAECAf0EBAyrBKLTAu72Ag1xuwKVA7QE5gSWBewFwcECmMQCj9MC++wClf8Cuf8CAA==,AAECAZICCFa0A8UEmdMCl+gCm+gCv/IC9fwCC0Bf6QHTA+QIoM0Ch84CmNICntIC29MC4vgCAA==,AAECAR8I+AjtCdPNAobTApziArbqAsvsAoDzAguNAZcIq8IC2MICnM0C3dICi+EC4eMC8vECufgC4vgCAA==,
Hong Kong,AAECAQcI+wzTwwKbywKf0wLx0wLP5wKa7gLl7wILS5ADkQbiBv8Hm8ICvsMCysMCzM0CquwCm/MCAA==,AAECAa0GBJACxQTWCpDTAg2hBOUE9geNCKUJ8gz7DNHBAsnHAujQAsvmAvzqAr3zAgA=,AAECAfe5AgreBf8F08UCnOICq+cCw+oCp+4CnvAC7/cCnv0CCoEE9QT+BbIG+wyXwQLHwQKbywLz5wLv8QIA,AAECAf0ECJwC0ALKwwLTxQKbywKgzgLCzgKb0wILTYoByQPsB5vCApbHAtXhAtfhApbkAqbwAuL4AgA=,AAECAaToAgSvBOvCAp74AuL4Ag1G8wX5CoPHArjHAuPLAvvTAtHhAtblArXmAv3qAvb9Atb+AgA=,AAECAYO6AgSvBP3qAp74Auf6Ag2MAssD1AXzBfUF3QiBwgKfwgLrwgLR4QKL5QKm7wLi+AIA,AAECAf0EBHG/wQKi0wLu9gINuwKVA6sEtATmBJYF7AXBwQKYxAKP0wL77AKV/wK5/wIA,AAECAZICBP4BmdMChOYC4vgCDUBf/QL3A+YFhQjkCKDNAofOApjSAp7SAtvTAtfvAgA=,AAECAR8I+AjtCdPFAobTApziArbqAsvsAoDzAguNAZcIq8IC2MICnM0C3dICi+EC4eMC8vECufgC4vgCAA==,
Hungary,AAECAQcKkwTeBfkM08UCz8cCmu4Cze8CkvgCnvgCoIADCkuiAqIE/webwgKixwLK5wKD+wKO+wKe+wIA,AAECAa0GCJACxQSKB9UK1gr7DKDOApDTAguhBOUE9geNCPIM0cECyccC6NACy+YC/OoCvfMCAA==,AAECAaoICP8F08UCnOICq+cCw+oCp+4C7/cCmfsCC4EE9QTeBf4Fsgb7DJfBAsfBApvLAvPnAu/xAgA=,AAECAf0GCIoH+wf4DKDOAsLOApfTAsvsAs30AguKAfIF+wa2B+EHjQjnywLx0AL90AKI0gLY5QIA,AAECAZ8FBKcF+Qr96gKe+AINRvMF68ICg8cCuMcC48sC+9MC0eEC1uUCteYC4vgC9v0C1v4CAA==,AAECAaIHBIbCAoDTAs/hAsPqAg3EAZwC7QKfA4gF1AWGCZfBAvzBAsfTAtvjAvbsAuL4AgA=,AAECAf0EBAxxotMC7vYCDbsClQOrBLQE5gSWBewFwcECmMQCj9MC++wClf8Cuf8CAA==,AAECAZICBrQDxQTCzgKZ0wKb6AL1/AIMQF/pAdMD5AigzQKHzgKY0gKe0gLb0wK/8gLi+AIA,AAECAR8I+AjtCdPFAobTApziArbqAsvsAoDzAguNAZcIq8IC2MICm8sCnM0C3dICi+EC4eMC8vECufgCAA==,
Indonesia,AAECAQcIqgaQB9PDAqLHAs3vAuXvAp74AqCAAwtLogT/B/sMm8ICysMCyucCquwCuuwCnfACxfMCAA==,AAECAa0GCJACxQSKB9UK+wyQ0wLj9wLi+AILoQTlBPYHjQjyDNHBAsnHAujQAsvmAvzqAr3zAgA=,AAECAaoICPYH08UCq+cC4OoCp+4CnvAC7/cCmfsCC4EE9QT+Bf8Fsgb7DJfBAsfBApvLAvPnAu/xAgA=,AAECAf0GCIoH+wf4DMLOApfTAurmAsvsAs30AguKAfIF+wa2B+EHjQjnywLx0AL90AKI0gLY5QIA,AAECAZ8FBq8E8QXzBYPHAp74AuL4AgxG+QrrwgK4xwLjywL70wLR4QLW5QK15gL96gL2/QLW/gIA,AAECAaIHBq8E8wWdDf3qAp74Auf6AgyMAssD1AX1Bd0IgcICn8IC68IC0eECi+UCpu8C4vgCAA==,AAECAf0EBAxxotMC7vYCDbsClQOrBLQE5gSWBewFwcECmMQCj9MC++wClf8Cuf8CAA==,AAECAZICCFa0A8UEws4CmdMCm+gC4vgC9fwCC0Bf6QHTA+QIoM0Ch84CmNICntIC29MCv/ICAA==,AAECAR8I+wWG0wKc4gK26gL96gLc7gKA8wK5+AILjQGXCO0Jq8IC2MICnM0Cxs4C3dICi+EC4eMC8vECAA==,
Israel,AAECAQcKkQPeBfkM08UCz8cCze8CkvgCnvgCs/wCoIADCkuiAqIE/webwgKixwLK5wKD+wKO+wKe+wIA,AAECAa0GBMUE1grTxQKQ0wINkAKhBOUE9geNCPIM0cECyccC6NACy+YC/OoCvfMC4vgCAA==,AAECAaoICP8F08UCnOICq+cCw+oCp+4C7/cCmfsCC4EE9QTeBf4Fsgb7DJfBAsfBApvLAvPnAu/xAgA=,AAECAf0GCKMB2wbMCNPFAqDOApfTAtvpApz4AguKAbYHm8IC58sCrs0C8tACiNIC2OUC6OcC4vgCgIoDAA==,AAECAZ8FBK8EpwX5Cp74Ag1G8wX1BevCAoPHArjHAuPLApXOAvvTAtHhAtblArXmAuL4AgA=,AAECAaIHBK8E/eoCnvgC5/oCDYwCywPUBfMF9QXdCIHCAp/CAuvCAtHhAovlAqbvAuL4AgA=,AAECAf0EBtACxQTTxQLCzgKb0wKj6wIMTYoByQPsB5vCApbHAtXhAtfhApbkArfxAsP4AuL4AgA=,AAECAZICCFa0A8UEmdMCl+gCm+gCv/IC9fwCC0Bf6QHTA+QIoM0Ch84CmNICntIC29MC4vgCAA==,AAECAR8C6dIChtMCDo0BqAK1A8kElwjFCNsJ3dIC39IC49IC4eMC6uMC3O4Ch/sCAA==,
Italy,AAECAQcI+QzTxQLPxwKa7gLN7wKS+AKe+AKggAMLS6ICogTeBf8Hm8ICoscCyucCg/sCjvsCnvsCAA==,AAECAa0GCAjFBNMK08UCoM4CkNMC4/cC4vgCC6EE5QT2B40I8gz7DNHBAsnHAujQAsvmAr3zAgA=,AAECAaoICPPCAtPFAsLOAuvPApziAqfuAu/3Apn7Agv5A/UE3gX+BevCAsrDApvLAvvTAtHhAt/pAuL4AgA=,AAECAf0GBvcE8gXzBffNApziAo+CAwwwhAHOB8II9wybywKfzgLy0ALR4QKH6AL09wLT+AIA,AAECAZ8FBq8EpwX5CuvCAv3qAp74AgxG8wWDxwK4xwLjywL70wLR4QLW5QK15gLi+AL2/QLW/gIA,AAECAaIHBK8E/eoCnvgC5/oCDYwCywPUBfMF3QiBwgKfwgLrwgLR4QKL5QKm7wLi+AL6/gIA,AAECAf0EBnGrBO0Fvwii0wLu9gIMuwKVA7QE5gSWBewFwcECmMQCj9MC++wClf8Cuf8CAA==,AAECAZICCLQDxQSZ0wKb6AKa7gK/8gLk+wL1/AILQF/pAdMD5AigzQKHzgKY0gKe0gLb0wLi+AIA,AAECAR8I+AjtCdPFAobTApziArbqAsvsAoDzAguNAZcIq8IC2MICnM0C3dICi+EC4eMC8vECufgC4vgCAA==,
Japan,AAECAQcMogLQAt4Fm8IC0cMC08UCz8cCw+oCze8CnfACnvgCoIADCUuiBPwE/wfK5wLi+AKD+wKO+wKe+wIA,AAECAa0GAsUEkNMCDpACoQTlBPYHjQjVCvIM0cECyccC6NACy+YC/OoCvfMC4vgCAA==,AAECAaoIBiCZAvPCAsLOAqfuAs30Agy9AdMB2QfwB7EIkcECrMICm8sC6uYClugClO8CsPACAA==,AAECAf0GAq8EnOICDjCEAc4Hwgj3DJvLAvfNAp/OAvLQAtHhAofoAu/xAvT3AtP4AgA=,AAECAZ8FBK8EpwX96gKe+AINRvUF+QqbwgLrwgKDxwK4xwLjywKVzgL70wLR4QLW5QK15gIA,AAECAaIHBIbCAoDTAs/hAsPqAg3EAZwC7QKfA4gF1AWGCZfBAvzBAsfTAtvjAvbsAuL4AgA=,AAECAf0EAqLTAu72Ag5xuwKVA7QE5gSWBewFwcECmMQCj9MC++wC7/EClf8Cuf8CAA==,AAECAZICAvcDmdMCDkBf/QLmBYUI5AigzQKHzgKY0gKe0gLb0wKE5gLX7wLi+AIA,AAECAR8I+wX4CIbTApziArbqAsvsAvLxAoDzAguNAZcI7QmrwgLYwgKczQLd0gKL4QLh4wK5+ALi+AIA,
Kazakhstan,AAECAQcKqgbTxQLPxwLD6gKa7gLN7wKd8AKS+AKe+AKggAMKS6ICogT/B5vCAsrnAoP7Ao77Ap77ArP8AgA=,AAECAa0GCJACxQTVCtYK+wygzgKQ0wKJ8QILoQTlBPYHjQjyDNHBAsnHAujQAsvmAvzqAr3zAgA=,AAECAaoICP8F08UCnOICq+cCw+oCp+4C7/cCmfsCC4EE9QTeBf4Fsgb7DJfBAsfBApvLAvPnAu/xAgA=,AAECAf0GBK8EnOIC7/ECj4IDDTCEAc4Hwgj3DJvLAvfNAp/OAvLQAtHhAofoAvT3AtP4AgA=,AAECAZ8FBK8EpwX5Cp74Ag1G8wX1BevCAoPHArjHAuPLApXOAvvTAtHhAtblArXmAuL4AgA=,AAECAaIHBrICyAOvBJ74Asf4AuL4AgyMAssD1AXzBfUF3QiBwgKfwgLrwgLR4QKL5QKm7wIA,AAECAf0EBHG/wQKi0wLu9gINuwKVA6sEtATmBJYF7AXBwQKYxAKP0wL77AKV/wK5/wIA,AAECAZICCla0A8UEws4CmdMCl+gCm+gCv/IC4vgC9fwCCkBf6QHTA+QIoM0Ch84CmNICntIC29MCAA==,AAECAR8I+AjtCdPFAobTApziArbqAoDzAuL4AguNAZcIq8IC2MICnM0C3dICi+EC4eMCy+wC8vECufgCAA==,
South Korea,AAECAQcMogLeBaoG08UCz8cCuuwCze8CnfACkvgCnvgCjvsCoIADCUuiBP8Hm8ICyucC4vgCg/sCnvsCs/wCAA==,AAECAa0GBJACxQSQ0wLj9wINoQTlBPYHjQjyDPsM0cECyccC6NACy+YC/OoCvfMC4vgCAA==,AAECAaoICP8FnOICq+cCw+oCp+4C7/cC6voCmfsCC4EE9QTeBf4Fsgb7DJfBAsfBApvLAvPnAu/xAgA=,AAECAf0GBPMFnOIC7/ECj4IDDTCEAfcEzgfCCPcMm8sCn84C8tAC0eECh+gC9PcC0/gCAA==,AAECAZ8FBK8EpwWVzgKe+AINRvMF+QrrwgKDxwK4xwLjywL70wLR4QLW5QK15gLi+ALW/gIA,AAECAaIHBK8E/eoCnvgC5/oCDYwCywPUBfMF3QiBwgLrwgLR4QKL5QKm7wLH+ALi+AL6/gIA,AAECAf0EBsrDAqDOAsLOApvTAvLTAqPrAgxNigHJA+wHm8ICrMIClscC1eEC1+ECluQCt/EC4vgCAA==,AAECAZICCLQDxQTCzgKZ0wKb6ALi+ALk+wL1/AILQF/pAdMD5AigzQKHzgKY0gKe0gLb0wK/8gIA,AAECAR8I+AjtCdPNAobTApziArbqAsvsAoDzAguNAZcIq8IC2MICnM0C3dICi+EC4eMC8vECufgC4vgCAA==,
Netherlands,AAECAQcKogLeBfkM08UCmu4Cze8CnfACkvgCnvgCoIADCkuiBP8Hm8ICyucC4vgCg/sCjvsCnvsCs/wCAA==,AAECAa0GBpACxQSKB/sMoM4CkNMCDKEE5QT2B40I8gzRwQLJxwLo0ALL5gL86gKJ8QK98wIA,AAECAaoICv8F+wzTxQKc4gKr5wLD6gKn7gKe8ALv9wKZ+wIKgQT1BN4F/gWyBpfBAsfBApvLAvPnAu/xAgA=,AAECAf0GCIoH+wegzgLCzgKX0wLL7ALN9AKAigMLigHyBfsGtgfhB40I58sC8dAC/dACiNIC2OUCAA==,AAECAZ8FBK8EpwX96gKe+AINRvMF9QX5CuvCAoPHArjHAuPLApXOAvvTAtHhAtblArXmAgA=,AAECAaIHBIbCAoDTAs/hAsPqAg3EAZwC7QKfA4gF1AWGCZfBAvzBAsfTAtvjAvbsAuL4AgA=,AAECAf0EBAxxotMC7vYCDbsClQOrBLQE5gSWBewFwcECmMQCj9MC++wClf8Cuf8CAA==,AAECAZICCLQDmdMCm+gC/esCmu4C4vgC5PsC9fwCC0Bf6QHTA+QIoM0Ch84CmNICntIC29MCv/ICAA==,AAECAR8I+AjtCdPFAobTApziArbqAsvsAoDzAguNAZcIq8IC2MICnM0C3dICi+EC4eMC8vECufgC4vgCAA==,
New Zealand,AAECAQcQkwSqBvkM+wzTxQKixwLK5wLD6gK67ALN7wKd8AKS+AKe+AKO+wKz/AKggAMHS6ICogT/B5vCAoP7Ap77AgA=,AAECAa0GCJACxQSKB9YK+wygzgKQ0wLi+AILoQTlBPYHjQjyDNHBAsnHAujQAsvmAvzqAr3zAgA=,AAECAaoICt4F/wXTxQKc4gKr5wLD6gKn7gKe8ALv9wKZ+wIKgQT1BP4Fsgb7DJfBAsfBApvLAvPnAu/xAgA=,AAECAf0GCKMBzAjTxQKgzgKX0wLq5gLb6QKc+AIL2wa2B5vCAufLAq7NAvLQAojSAtjlAujnAuL4AoCKAwA=,AAECAZ8FAp74AqCAAw5G68ICg8cCuMcC48sC+9MC0eEC1uUCteYC/eoC4vgC9v0C1v4CzIEDAA==,AAECAaIHBK8E/eoCnvgC5/oCDYwCywPUBfMF9QXdCIHCAuvCAsrDAtHhAovlAqbvAuL4AgA=,AAECAf0EBHG/wQKi0wLu9gINuwKVA6sEtATmBJYF7AXBwQKYxAKP0wL77AKV/wK5/wIA,AAECAZICBrQDxQTCzgKZ0wKb6AL1/AIMQF/pAdMD5AigzQKHzgKY0gKe0gLb0wK/8gLi+AIA,AAECAR8I+AjtCdPFAobTApziArbqAsvsAoDzAguNAZcIq8IC2MICnM0C3dICi+EC4eMC8vECufgC4vgCAA==, 
Norway,AAECAQcGqgb5DNPFApL4Ap74AqCAAwxLogT/B/sMm8ICyucCuuwCnfAC4vgCg/sCnvsCs/wCAA==,AAECAa0GBsUE1gr7DNPFAqDOApDTAgyQAqEE5QT2B40I8gzRwQLJxwLo0ALL5gL86gK98wIA,AAECAaoICt4F+wzTxQKc4gKr5wLD6gKn7gKe8ALv9wKZ+wIKgQT1BP4F/wWyBpfBAsfBApvLAvPnAu/xAgA=,AAECAf0GDIoB8gWKB/sHzAigzgKmzgLCzgKX0wLL7ALN9AKAigMJ+wa2B+EHjQjnywLx0AL90AKI0gLY5QIA,AAECAZ8FBq8EpwXzBfkKlc4CnvgCDEbrwgKDxwK4xwLjywL70wLR4QLW5QK15gLi+AL2/QLW/gIA,AAECAaIHBrQBigeGwgKA0wLP4QLD6gIMxAGcAu0CnwOIBYYJl8EC/MECx9MC2+MC9uwC4vgCAA==,AAECAf0EBnGrBO0Fvwii0wLu9gIMuwKVA7QE5gSWBewFwcECmMQCj9MC++wClf8Cuf8CAA==,AAECAZICCLQDmdMCm+gC/esCmu4C4vgC5PsC9fwCC0Bf6QHTA+QIoM0Ch84CmNICntIC29MCv/ICAA==,AAECAR8K+AjTxQLTzQLd0gKG0wKc4gK26gLL7AKA8wKggAMKjQGXCKvCAtjCApzNAovhAuHjAvLxArn4AuL4AgA=,
Peru,AAECAQcKqgbTxQKixwLPxwKa7gLN7wKd8AKS+AKe+AKggAMKS6ICogT/B5vCAsrnAoP7Ao77Ap77ArP8AgA=,AAECAa0GAvsMvsgCDvgC5QT2B6UJ0QrSCvIM0cEC2MECzswCpfUCl/YCkfsCzIEDAA==,AAECAa0GAvsMvsgCDvgC5QT2B6UJ0QrSCvIM0cEC2MECzswCpfUCl/YCkfsCzIEDAA==,AAECAf0GBPIFnOIC7/ECj4IDDTCEAfcEzgfCCPcMm8sCn84C8tAC0eECh+gC9PcC0/gCAA==,AAECAa0GAvsMvsgCDvgC5QT2B6UJ0QrSCvIM0cEC2MECzswCpfUCl/YCkfsCzIEDAA==,AAECAaIHBsgDrwTzBf3qAp74AuL4AgyMAssD1AX1Bd0IgcICn8IC68IC0eECi+UCpu8Cx/gCAA==,AAECAf0EBHG/CKLTAu72Ag27ApUDqwS0BOYElgXsBcHBApjEAo/TAvvsApX/Arn/AgA=,AAECAZICBrQDxQTCzgKZ0wKb6AL1/AIMQF/pAdMD5AigzQKHzgKY0gKe0gLb0wK/8gLi+AIA,AAECAR8I+AjtCdPFAobTApziArbqAsvsAoDzAguNAZcIq8IC2MICnM0C3dICi+EC4eMC8vECufgC4vgCAA==, 
Poland,AAECAQcKogKRA94F+QzTxQLPxwLD6gKS+AKe+AKggAMKS6IE/webwgKixwLK5wLi+AKD+wKO+wKe+wIA,AAECAa0GBpACxQT7DNPFApDTAuL4AgyhBOUE9geNCPIM0cECyccC6NACy+YC/OoCvfMC4/cCAA==,AAECAaoICvkD3gX/BdPFApziAqvnAsPqAqfuAu/3Apn7AgqBBPUE/gWyBvsMl8ECx8ECm8sC8+cC7/ECAA==,AAECAf0GCIoH+wfMCKDOAsLOApfTAsvsAs30AguKAfIF+wa2B+EHjQjnywLx0AL90AKI0gLY5QIA,AAECAZ8FBq8E8wX1BZvCAp74AsyBAwxG+QqDxwK4xwLjywL70wLR4QLW5QK15gLi+AL2/QLW/gIA,AAECAaIHBIbCAoDTAs/hAsPqAg3EAZwC7QKfA4gF1AWGCZfBAvzBAsfTAtvjAvbsAuL4AgA=,AAECAf0ECNACxQTsB9PFAqDOAsLOApvTAqPrAgtNigHJA4jBApbHAtXhAtfhApbkArfxAsP4AuL4AgA=,AAECAZICApnTAoTmAg5AX/0C9wPmBYUI5AigzQKHzgKY0gKe0gLb0wLX7wLi+AIA,AAECAR8C6dIChtMCDo0BqAK1A4cEyQSXCNsJ/gzd0gLf0gLj0gLh4wLq4wKH+wIA,
Portugal,AAECAQcMkQP8BN4FqgbRwwLPxwLD6gLN7wKS+AKe+ALi+AKggAMJS6ICogT/B5vCAtPFAsrnAoP7Ap77AgA=,AAECAa0GBIgF7QXWCvGAAw2KAfsB5QTRCtHBAtjBAvDPAujQAqniAqbwAoL3AqH+AtD+AgA=,AAECAaoICN4F+wzTxQKr5wLD6gKn7gLv9wKZ+wILgQT1BP4F/wWyBvYHl8ECx8ECm8sC8+cC7/ECAA==,AAECAf0GCqMBogLbBswI08UCoM4Cl9MC2OcC2+kCnPgCCooBtgebwgLnywLy0AKI0gLY5QLo5wLi+AKAigMA,AAECAZ8FCPIFjwm5wQKr0AK36QLZ/gLx/gKggAML+wHcA/QFzwb2B5vCAojHAqX1AuH+ApGAA8yBAwA=,AAECAaIHBIbCAoDTAs/hAsPqAg3EAZwC7QKfA4gF1AWGCZfBAvzBAsfTAtvjAvbsAuL4AgA=,AAECAf0EAqLTAu72Ag5xuwKVA6sEtATmBJYF7AXBwQKYxAKP0wL77AKV/wK5/wIA,AAECAZICCLQDxQTCzgKZ0wKb6ALi+ALk+wL1/AILQF/pAdMD5AigzQKHzgKY0gKe0gLb0wK/8gIA,AAECAR8I+AjtCdPFAobTApziArbqAsvsAoDzAguNAZcIq8IC2MICnM0C3dICi+EC4eMC8vECufgC4vgCAA==,
Romania,AAECAQcKogLMwwLTxQLPxwKa7gLN7wKd8AKS+AKe+AKggAMKS6IE/webwgKixwLK5wKD+wKO+wKe+wKz/AIA,AAECAa0GBogF7QXRCtMKpvACof4CDPsB5QT2B9HBAtLBAtjBAvDPAujQAqniAoL3AtD+AvGAAwA=,AAECAaoICt4F/wXTxQKc4gKr5wLD6gKn7gKe8ALv9wKZ+wIKgQT1BP4Fsgb7DJfBAsfBApvLAvPnAu/xAgA=,AAECAfqUAwSvBJziAv3qAo+CAw0whAHOB8II9wybywL3zQKfzgLy0ALR4QKH6AL09wLT+AIA,AAECAZ8FBq8EpwXzBZXOAv3qAp74AgxG9QX5CuvCAoPHArjHAuPLAvvTAtHhAtblArXmAuL4AgA=,AAECAaIHBIbCAoDTAs/hAsPqAg3EAZwC7QKfA4gFmwWGCZfBAvzBAsfTAtvjAvbsAuL4AgA=,AAECAc2xAgSrBLgIotMC7vYCDXG7ApUDtATmBJYF7AXBwQKYxAKP0wL77AKV/wK5/wIA,AAECAZICCLQDmdMCm+gC/esCmu4C4vgC5PsC9fwCC0Bf6QHTA+QIoM0Ch84CmNICntIC29MCv/ICAA==,AAECAR8IycIC08UC080ChtMCy+wCgPMC7/UC4vgCC40B+wGXCKvCAtjCApzNAt3SAovhAuHjArT2Arn4AgA=,
Russian Federation,AAECAQcKkQOTBN4F+QzTxQLN7wKd8AKS+AKe+AKggAMKS6ICogT/B5vCAqLHAsrnAoP7Ao77Ap77AgA=,AAECAa0GBIgF7QXRCvGAAw37AeUE9gfRwQLSwQLYwQLwzwLo0AKp4gKm8AKC9wKh/gLQ/gIA,AAECAaoICIEE08UCnOICq+cCw+oCp+4C7/cCmfsCC/UE3gX+Bf8Fsgb7DJfBAsfBApvLAvPnAu/xAgA=,AAECAf0GCqMB+waKB/sHoM4Cws4Cl9MC2OcCy+wCzfQCCooB8gW2B+EHjQjnywLx0AL90AKI0gLY5QIA,AAECAaToAgq5wQKIxwKO0wK36QLL7AL9+wKE/ALZ/gLx/gKggAMKigHcA/QFzwb2B5vCAqvCAovhAuH+ApGAAwA=,AAECAaIHBIbCAoDTAs/hAsPqAg3EAZwC7QKfA80DiAXUBYYJl8EC/MEC2+MC9uwC4vgCAA==,AAECAY0WBKsEvwii0wLu9gINcbsClQO0BOYElgXsBcHBApjEAo/TAvvsApX/Arn/AgA=,AAECAZICCP4BtAOZ0wKb6AL96wKa7gLk+wL1/AILQF/pAdMD5AigzQKHzgKY0gKe0gLb0wK/8gIA,AAECAR8G+AjTxQKG0wK26gKA8wK09gIMjQGXCKvCAtjCApzNAt3SAovhAuHjAsvsAvLxAu/1Arn4AgA=,
Singapore,AAECAQcKkQPeBfkM08UCz8cCmu4Cze8CkvgCnvgCoIADCkuiAqIE/webwgKixwLK5wKD+wKO+wKe+wIA,AAECAa0GBsUEkAfJxwKgzgKQ0wKO7gIMkAKhBOUE9geNCPIM0cEC6NACy+YC/OoCvfMC4vgCAA==,AAECAaoICN4F08UCnOICq+cCw+oCp+4C7/cCmfsCC4EE9QT+Bf8Fsgb7DJfBAsfBApvLAvPnAu/xAgA=,AAECAf0GCooH+wf4DObCAqDOAqbOAsLOApfTAsvsAs30AgryBfsGtgfhB40I58sC8dAC/dACiNIC2OUCAA==,AAECAZ8FAuvCAp74Ag5G8wX5CoPHArjHAuPLAvvTAtHhAtblArXmAv3qAuL4Avb9Atb+AgA=,AAECAaIHBIbCAoDTAs/hAsPqAg3EAZwC7QKfA4gF1AWGCZfBAvzBAsfTAtvjAvbsAuL4AgA=,AAECAf0ECNAC08UCoM4Cws4Cm9MC8tMCo+sCt/ECC02KAckD7AeIwQKWxwLV4QLX4QKW5ALD+ALi+AIA,AAECAZICBrQDxQTCzgKZ0wKb6AL1/AIMQF/pAdMD5AigzQKHzgKY0gKe0gLb0wK/8gLi+AIA,AAECAR8I+AjtCd3SAobTApziArbqAsvsAoDzAguNAZcIq8IC2MICnM0C080Ci+EC4eMC8vECufgC4vgCAA==,
Slovakia,AAECAQcKkQOqBvkM08UCz8cCze8CnfACkvgCnvgCoIADCkuiAqIE/webwgKixwLK5wKD+wKO+wKe+wIA,AAECAa0GBJACxQTWCpDTAg2hBOUE9geNCKUJ8gz7DNHBAsnHAujQAsvmAvzqAr3zAgA=,AAECAaoICPPCAtPFAsLOAuvPApziAqfuAu/3Apn7Agv5A/UE3gX+BevCAsrDApvLAvvTAtHhAt/pAuL4AgA=,AAECAfqUAwSvBJziAu/xAo+CAw0whAHOB8II9wybywL3zQKfzgLy0ALR4QKH6AL09wLT+AIA,AAECAZ8FBKcF+Qr96gKe+AINRvMF68ICg8cCuMcC48sC+9MC0eEC1uUCteYC4vgC9v0C1v4CAA==,AAECAaIHBIbCAoDTAs/hAsPqAg3EAZwC7QKfA4gF1AWGCZfBAvzBAsfTAtvjAvbsAuL4AgA=,AAECAf0EBAxxotMC7vYCDbsClQOrBLQE5gSWBewFwcECmMQCj9MC++wClf8Cuf8CAA==,AAECAZICCLQDmdMCm+gC/esCmu4Cv/IC5PsC9fwCC0Bf6QHTA+QIoM0Ch84CmNICntIC29MC4vgCAA==,AAECAR8C6dIChtMCDo0BqAK1A4cEyQSXCNsJ/gzd0gLf0gLj0gLh4wLq4wKH+wIA,
Spain,AAECAQcIogKqBtPFAs/HAs3vApL4Ap74AqCAAwtLogT/B5vCAsrnArrsAp3wAuL4AoP7Ap77ArP8AgA=,AAECAa0GBsUEigfVCqDOApDTAuP3AgyQAqEE5QT2B40I8gzRwQLJxwLo0ALL5gL86gK98wIA,AAECAaoICt4F/wXTxQKc4gKr5wLD6gKn7gKe8ALv9wKZ+wIKgQT1BP4Fsgb7DJfBAsfBApvLAvPnAu/xAgA=,AAECAf0GCvsGigf7B6DOAqbOAsLOApfTAsvsAs30AoCKAwqKAfIFtgfhB40I58sC8dAC/dACiNIC2OUCAA==,AAECAZ8FBq8EpwX5Cv3qAp74AuL4AgxG8wXrwgKDxwK4xwLjywL70wLR4QLW5QK15gL2/QLW/gIA,AAECAaIHBIbCAoDTAs/hAsPqAg3EAZwC7QKfA4gF1AWGCZfBAvzBAsfTAtvjAvbsAuL4AgA=,AAECAf0EBHHtBaLTAu72Ag27ApUDqwS0BOYElgXsBcHBApjEAo/TAvvsApX/Arn/AgA=,AAECAZICBrQDxQSZ0wKb6ALk+wL1/AIMQF/pAdMD5AigzQKHzgKY0gKe0gLb0wK/8gLi+AIA,AAECAR8I+AjTxQKG0wKc4gK26gLL7AKA8wLi+AILjQGXCO0Jq8IC2MICnM0C3dICi+EC4eMC8vECufgCAA==,
Sweden,AAECAQcMogKRA94F+QzTxQLPxwK67ALN7wKd8AKS+AKe+AKggAMJS6IE/webwgKixwLK5wKD+wKO+wKe+wIA,AAECAa0GCJACxQTVCtYKkNMCvfMC4/cC4vgCC6EE5QT2B40I8gz7DNHBAsnHAujQAsvmAvzqAgA=,AAECAaoICP8F08UCnOICq+cCw+oCp+4C7/cCmfsCC4EE9QTeBf4Fsgb7DJfBAsfBApvLAvPnAu/xAgA=,AAECAf0GBPMFnOIC7/ECj4IDDTCEAfcEzgfCCPcMm8sCn84C8tAC0eECh+gC9PcC0/gCAA==,AAECAZ8FAq8EnvgCDkbzBfUF+QrrwgKDxwK4xwLjywKVzgL70wLR4QLW5QK15gLi+AIA,AAECAaIHBIbCAoDTAs/hAsPqAg3EAZwC7QKfA4gF1AWGCZfBAvzBAsfTAtvjAvbsAuL4AgA=,AAECAf0EBKsE7QWi0wLu9gINcbsClQO0BOYElgXsBcHBApjEAo/TAvvsApX/Arn/AgA=,AAECAZICCla0A8UEmdMCl+gCm+gCmu4Cv/IC4vgC9fwCCkBf6QHTA+QIoM0Ch84CmNICntIC29MCAA==,AAECAR8I+AjtCYbDAobTArbqAsvsAoDzArT2AguNAZcIq8IC2MICnM0C3dICi+EC4eMC8vEC4PUCufgCAA==,
Switzerland,AAECAQcK08UCz8cCw+oCuuwCmu4CnfACkvgCnvgCjvsCoIADCkuiAqIE3gX/B6LHAsrnAoP7Ap77ArP8AgA=,AAECAa0GBu0FpQmdxwLc9QLx+wKIggMM+wHlBPYH0gryDPsM0cEC2MECns4C8M8C6NACvfMCAA==,AAECAaoICP8F08UCnOICq+cCw+oCp+4C7/cCmfsCC4EE9QTeBf4Fsgb7DJfBAsfBApvLAvPnAu/xAgA=,AAECAf0GCooBigf7B/gMoM4Cws4Cl9MCy+wCzfQC8fcCCvIF+wa2B+EHjQjnywLx0AL90AKI0gLY5QIA,AAECAZ8FCvIF+gaWCbnBAsLOAvfQArfpAs30Auv3Av37AgrcA/QFzwaKB68H/gezwQKIxwKbywKW6AIA,AAECAaIHBIbCAoDTAs/hAsPqAg3EAZwC7QKfA4gF1AWGCZfBAvzBAsfTAtvjAvbsAuL4AgA=,AAECAf0ECsUE08UCoM4Cm9MC8tMCnOICo+sCpvACw/gC4vgCCk3JA+wH+wybwgKWxwKbywLb0wLX4QKW5AIA,AAECAZICCLQDmdMCm+gC/esCmu4C4vgC5PsC9fwCC0Bf6QHTA+QIoM0Ch84CmNICntIC29MCv/ICAA==,AAECAR8G+AiG0wKc4gK26gKA8wLi+AIMjQGXCO0Jq8IC2MICnM0C3dICi+EC4eMCy+wC8vECufgCAA==,
Taiwan,AAECAQcEogTTwwKf0wL09QINS5EG/weyCPsMm8ICvsMCysMCm8sCzM0Cz+cCquwCm/MCAA==,AAECAa0GBMUE+wzTxQKQ0wINkAKhBOUE9geNCNUK8gzRwQLJxwLo0ALL5gL86gK98wIA,AAECAaoICNPFApziAqvnAsPqAqfuAp7wAqbwAu/3AguBBN4F/gX/BbIG+wyXwQLHwQKbywLz5wLv8QIA,AAECAf0GCIoBigf4DKDOAsLOApfTAurmAs30AgvyBfsGtgfhB/sHjQjnywLx0AL90AKI0gLY5QIA,AAECAZ8FBKcF+QqD1AKe+AINRvMF68ICg8cCuMcC48sC+9MC0eEC1uUCteYC4vgC9v0C1v4CAA==,AAECAaIHBK8EnvgCx/gC5/oCDYwCywPUBfMF9QXdCIHCAp/CAuvCAtHhAovlAqbvAuL4AgA=,AAECAf0ECNACxQTsB9PFAsLOApvTAqPrAr7sAgtNigH7AckDiMEClscC1+ECluQCt/ECw/gC4vgCAA==,AAECAZICCLQDxQTCzgKZ0wKb6ALi+ALk+wL1/AILQF/pAdMD5AigzQKHzgKY0gKe0gLb0wK/8gIA,AAECAR8K+AjtCdPFApvLAobTApziArbqAsvsAoDzAuL4AgqNAZcIq8IC2MICnM0C3dICi+EC4eMC8vECufgCAA==,
Thailand,AAECAQcMogKRA5ME3gX5DNPFAs/HAs3vApL4Ap74AuL4AqCAAwlLogT/B5vCAqLHAsrnAoP7Ao77Ap77AgA=,AAECAa0GCJACxQTVCvsM08UCoM4CkNMC4vgCC6EE5QT2B40I8gzRwQLJxwLo0ALL5gL86gK98wIA,AAECAaoICN4F08UCnOICq+cCw+oCp+4C7/cCmfsCC4EE9QT+Bf8Fsgb7DJfBAsfBApvLAvPnAu/xAgA=,AAECAf0GBJziAv3qAu/xAo+CAw0whAH3BM4Hwgj3DJvLAp/OAvLQAtHhAofoAvT3AtP4AgA=,AAECAZ8FBKcF8wXrwgKe+AINRvkKg8cCuMcC48sC+9MC0eEC1uUCteYC/eoC4vgC9v0C1v4CAA==,AAECAaIHBrICrwTzBf3qAp74Auf6AgyMAssD1AXdCIHCAp/CAuvCAtHhAovlAqbvAuL4Avr+AgA=,AAECAf0EBHG/wQKi0wLu9gINuwKVA6sEtATmBJYF7AXBwQKYxAKP0wL77AKV/wK5/wIA,AAECAZICAvcDmdMCDkBf/QLmBYUI5AigzQKHzgKY0gKe0gLb0wKE5gLX7wLi+AIA,AAECAR8K+AjtCdPFAtPNAobTApziArbqAsvsAoDzAuL4AgqNAZcIq8IC2MICnM0C3dICi+EC4eMC8vECufgCAA==,
Ukraine,AAECAYwWCqoG08UCoscCz8cCmu4Cze8CnfACkvgCnvgCoIADCkuiAqIE/webwgLK5wKD+wKO+wKe+wKz/AIA,AAECAa0GBpACxQTVCpDTAuP3AuL4AgyhBOUE9geNCPIM+wzRwQLJxwLo0ALL5gL86gK98wIA,AAECAaoICP8FnOICq+cCw+oCp+4CnvAC7/cCmfsCC4EE9QTeBf4Fsgb7DJfBAsfBApvLAvPnAu/xAgA=,AAECAf0GBvcE8wX3zQKc4gLv8QKPggMMMIQBzgfCCPcMm8sCn84C8tAC0eECh+gC9PcC0/gCAA==,AAECAZ8FAqcFnvgCDkbzBfkK68ICg8cCuMcC48sC+9MC0eEC1uUCteYC4vgC9v0C1v4CAA==,AAECAaIHBIbCAoDTAs/hAsPqAg3EAZwC7QKfA4gF1AWGCZfBAvzBAsfTAtvjAvbsAuL4AgA=,AAECAY0WBnGrBL8IotMC7vYC74ADDLsClQO0BOYElgXsBcHBApjEAo/TAvvsApX/Arn/AgA=,AAECAZICApnTAoTmAg5AX/0C9wPmBYUI5AigzQKHzgKY0gKe0gLb0wLX7wLi+AIA,AAECAR8K+AjtCevCApvLAobTApziArbqAsvsAoDzAuL4AgqNAZcIq8IC2MICnM0C3dICi+EC4eMC8vECufgCAA==,
United Kingdom,AAECAQcKkQPeBfkM08UCoscCz8cCze8CkvgCnvgCoIADCkuiBP8Hm8ICyucCuuwCnfACg/sCjvsCnvsCAA==,AAECAa0GBKUJ1gq/5QKX9gIN+ALlBPYH0QrSCvIM+wzRwQLYwQLOzAKl9QLl9wKR+wIA,AAECAaoICPkD/wWr5wLD6gKn7gKe8ALv9wKZ+wILgQT1BP4Fsgb2B/sMl8ECx8ECm8sC8+cC7/ECAA==,AAECAf0GBK8EnOIC/eoCj4IDDTCEAc4Hwgj3DJvLAvfNAp/OAvLQAtHhAofoAvT3AtP4AgA=,AAECAZ8FBq8EpwXzBf3qAp74AuL4AgxG9QX5CuvCAoPHArjHAuPLApXOAvvTAtHhAtblArXmAgA=,AAECAaIHBq8E8wWfwgL96gKe+ALn+gIMjALLA9QF9QXdCIHCAuvCAtHhAovlAqbvAsf4AuL4AgA=,AAECAf0ECNPFAqDOAsLOApvTAvLTAqPrAqbwArfxAgtNigHJA+wHm8IClscCm8sC1eEC1+ECluQC4vgCAA==,AAECAZICBlbtBZnTAv3rApruAuT7AgxAX+kBxAbkCKDNAofOApjSAp7SAtvTAr/yAuL4AgA=,AAECAR8I+AjtCYbTApziArbqAsvsAoDzAqCAAwuNAZcIq8IC2MICnM0C3dICi+EC4eMC8vECufgC4vgCAA==,
United States,AAECAQcKogKRA/kM08UCz8cCze8CkvgCnvgCjvsCoIADCkuiBP8Hm8ICoscCyucCuuwCnfACg/sCnvsCAA==,AAECAa0GCsUE5QTVCvsM08UCyccCoM4Cws4CkNMCju4CCpACoQT2B40I8gzRwQLo0ALL5gL86gK98wIA,AAECAaoICPPCAtPFAsLOAuvPApziAqfuAu/3Apn7Agv5A/UE3gX+BevCAsrDApvLAvvTAtHhAt/pAuL4AgA=,AAECAf0GBK8E8wWc4gLv8QINMIQBzgfCCPcMm8sC980Cn84C8tAC0eECh+gC9PcC0/gCAA==,AAECAZ8FCK8EpwXzBfUFlc4C/eoCnvgC4vgCC0b5CuvCAoPHArjHAuPLAvvTAtHhAtblArXmAtb+AgA=,AAECAaIHBK8E/eoCnvgC5/oCDYwCywPUBfMF9QXdCIHCAp/CAuvCAtHhAovlAqbvAuL4AgA=,AAECAf0EBHGWBqLTAu72Ag27ApUDqwS0BOYElgXsBcHBApjEAo/TAvvsApX/Arn/AgA=,AAECAZICAvcDmdMCDkBf/QLmBYUI5AigzQKHzgKY0gKe0gLb0wKE5gLX7wLi+AIA,AAECAR8K+wX4CO0J08UChtMCnOICtuoCy+wCgPMC4vgCCo0BlwirwgLYwgKczQLd0gKL4QLh4wLy8QK5+AIA,
Vietnam,AAECAQcKqgbTxQKixwLPxwKa7gLN7wKd8AKS+AKe+AKggAMKS6ICogT/B5vCAsrnAoP7Ao77Ap77ArP8AgA=,AAECAa0GBJACxQTWCpDTAg2hBOUE9geNCKUJ8gz7DNHBAsnHAujQAsvmAvzqAr3zAgA=,AAECAaoICNPFApziAqvnAsPqAqfuAp7wAu/3Apn7AguBBPUE/gX/BbIG+wyXwQLHwQKbywLz5wLv8QIA,AAECAf0GCIoH+wf4DKDOAsLOApfTAsvsAs30AguKAfIF+wa2B+EHjQjnywLx0AL90AKI0gLY5QIA,AAECAZ8FBKcF+Qr96gKe+AINRvMF68ICg8cCuMcC48sC+9MC0eEC1uUCteYC4vgC9v0C1v4CAA==,AAECAaIHAq8EnvgCDowCywPUBfMF9QXdCIHCAp/CAuvCAsrDAtHhAovlAqbvAuL4AgA=,AAECAf0EAqLTAu72Ag5xuwKVA6sEtATmBJYF7AXBwQKYxAKP0wL77AKV/wK5/wIA,AAECAZICCLQDmdMCm+gC/esCmu4C4vgC5PsC9fwCC0Bf6QHTA+QIoM0Ch84CmNICntIC29MCv/ICAA==,AAECAR8G+AjtCYbTApziArbqAoDzAgyNAZcIq8IC2MICnM0C3dICi+EC4eMCy+wC8vECufgC4vgCAA==,