A83650,AAECAf0GCPIF+wegzgKmzgLCzgKX0wLL7ALN9AIL+waKB7YH4QeNCOfLAvHQAv3QAojSAtjlAurmAgA=,AAECAR8K3gX4CO0J08UChtMCnOICtuoCy+wCgPMCoIADCo0BlwirwgLYwgKczQLd0gKL4QLh4wLy8QK5+AIA,AAECAZICBMLOAq/TAo3mAvHqAg1AX+kB5AjJxwKU0gKY0gKe0gLm0wKL4QKE5gLd6wKN8AIA,AAECAaoICv8F+wzTxQKc4gKr5wLD6gKn7gLv9wKZ+wKggAMKgQT1BN4F/gWyBpfBAsfBApvLAvPnAu/xAgA=,
Bunnyhoppor,AAECAR8KxwOHBMkE180C39IChtMCy+wCmPACgPMCp4IDCp4BqAK1A+sHlwj+DI7DAp3MAuPSAovlAgA=,AAECAfqUAwavBPMFysMCnOICy+wCj4IDDDCEAc4Hwgj3DJvLAvfNAp/OAvLQAtHhAofoAtP4AgA=,AAECAaoIDCCZAooHkcECrMIC88ICws4Cy+wC9uwCp+4CzfQCioADCb0B0wH+BfAHsQibywKW6AKU7wKw8AIA,AAECAaIHBsgDrwSdDZ74AuL4Auf6AgyMAssD1AXzBfUF3QiBwgLrwgLKwwLR4QKL5QKm7wIA,
Caimiao,AAECAfqUAwiTAfsGigegzgLCzgKX0wLN9AKAigML8gW2B+EH+weNCOfLAqbOAvHQAv3QAojSAtjlAgA=,AAECAaIHBIbCAoDTAs/hAsPqAg3EAZwC7QKfA4gFmwXUBYYJl8EC/MECx9MC9uwC4vgCAA==,AAECAR8M+AjtCdPFApvLAtPNAobTApziArbqAv3qAsvsAoDzArn4AgmNAZcIq8IC2MICnM0C3dICi+EC4eMC8vECAA==,AAECAZICBsLOAq/TAoTmAo3mAvHqAr/yAgxAX+kB5AjJxwKU0gKY0gKe0gLm0wKL4QLd6wKN8AIA,
DarrenF,AAECAaIHBsgDrwSdDZ74AuL4Auf6AgyMAssD1AXzBfUF3QiBwgLrwgLKwwLR4QKL5QKm7wIA,AAECAR8IxwOHBMkE180ChtMCy+wCgPMCp4IDC54BqAK1A+sHlwj+DI7DAp3MAt/SAuPSAovlAgA=,AAECAf0GBK8E8wWc4gKPggMNMIQBzgfCCPcMm8sC980Cn84C8tAC0eECh+gC9PcC0/gCAA==,AAECAZICBI7QApnTAuL4AvX8Ag1AX/0C9wPmBeQIm8sCoM0Ch84CmNICntIC29MC1+8CAA==,
Furyhunter,AAECAfqUAwqKAfIF+wegzgKmzgLCzgKX0wLq5gLL7ALN9AIK+waKB7YH4QeNCOfLAvHQAv3QAojSAtjlAgA=,AAECAYO6AgaIBfzBAobCAoDTAs/hAsPqAgzEAZwC7QKfA5sF1AWGCZfBAsfTAtvjAvbsAuL4AgA=,AAECAZICCMQGysMCh84Cws4Cr9MC5tMC8eoC3esCC0Bf6QHkCMnHApTSApjSAp7SAovhAoTmAo3wAgA=,AAECAaoICP8F08UCnOICq+cCw+oCp+4C7/cCmfsCC4EE9QTeBf4Fsgb7DJfBAsfBApvLAvPnAu/xAgA=,
Hao,AAECAaIHBK8E8wWe+ALn+gINjALLA9QF9QXdCIHCAp/CAuvCAsrDAtHhAovlAqbvAuL4AgA=,AAECAf0EBnGrBO0Fv8ECotMC7vYCDLsClQO0BOYElgXsBcHBApjEAo/TAvvsApX/Arn/AgA=,AAECAZICBP4BmdMChOYC4vgCDUBf/QL3A+YFhQjkCKDNAofOApjSAp7SAtvTAtfvAgA=,AAECAf0GBK8E8wWc4gKPggMNMIQBzgfCCPcMysMCm8sC980Cn84C8tAC0eECh+gC0/gCAA==,
Hunterace,AAECAZICCFa0A8UE4scCws4CmdMCm+gC9fwCC0Bf6QHTA+QIoM0Ch84CmNICntIC29MCv/ICAA==,AAECAf0GCooB8gX7B/gMoM4Cps4Cws4Cl9MCy+wCzfQCCvsGige2B+EHjQjnywLx0AL90AKI0gLY5QIA,AAECAaoICv8F+wzTxQKc4gKr5wLD6gKn7gKe8ALv9wKZ+wIKgQT1BN4F/gWyBpfBAsfBApvLAvPnAu/xAgA=,AAECAYO6AgaIBfzBAobCAoDTAs/hAsPqAgzEAZwC7QKfA5sF1AWGCZfBAsfTAtvjAvbsAuL4AgA=,
Kolento,AAECAaoICCCZAv4F88ICws4C9uwCp+4CzfQCC70B0wHZB/AHsQiRwQKswgKbywKW6AKU7wKw8AIA,AAECAR8IxwOHBMkEncwChtMCy+wCmPACp4IDC54BqAK1A+sHlwj+DI7DAt3SAt/SAuPSAovlAgA=,AAECAaIHBK8E/eoCnvgC5/oCDYwCywPUBfMF9QXdCIHCAp/CAuvCAtHhAovlAqbvAuL4AgA=,AAECAZ8FAvEFnvgCDkanBfUF+QqbwgLrwgKDxwK4xwLjywKVzgL70wLR4QLW5QK15gIA,
Lingluanjing,AAECAbSKAwKZ0wKE5gIOQF/9AvcD5gWFCOQIoM0Ch84CmNICntIC29MC1+8C4vgCAA==,AAECAfqUAwSvBPMFnOICj4IDDTCEAc4Hwgj3DJvLAvfNAp/OAvLQAtHhAofoAvT3AtP4AgA=,AAECAaToAgavBKcF+Qr96gKe+ALW/gIMRvMF9QXrwgKDxwK4xwLjywL70wLR4QLW5QK15gLi+AIA,AAECAaIHBK8E/eoCnvgC5/oCDYwCywPUBfMF9QXdCIHCAp/CAuvCAtHhAovlAqbvAuL4AgA=,
LionKing,AAECAaIHBobCAoDTAsfTAs/hAtvjAsPqAgzEAZwC7QKfA4gFmwXUBYYJl8EC/MEC9uwC4vgCAA==,AAECAaoICt4F/wXTxQKc4gKr5wLD6gKn7gKe8ALv9wKZ+wIKgQT1BP4Fsgb7DJfBAsfBApvLAvPnAu/xAgA=,AAECAZICBI7QApnTAuL4AvX8Ag1AX/0C9wPmBeQIm8sCoM0Ch84CmNICntIC29MC1+8CAA==,AAECAcn1AgyKAaIC9wTbBswIycIC08UCl9MC/OUC2OcC2+kCnPgCCbYHm8IC58sC8tAC+NACiNICi+EC6uYC6OcCAA==,
Orange,AAECAbSKAwhWtAPFBOLHAsLOApnTApvoAvX8AgtAX+kB0wPkCKDNAofOApjSAp7SAtvTAr/yAgA=,AAECAcn1AgqKAfIF+wf4DKDOAqbOAsLOApfTAsvsAs30Agr7BooHtgfhB40I58sC8dAC/dACiNIC2OUCAA==,AAECAaoICv8F+wzTxQKc4gKr5wLD6gKn7gKe8ALv9wKZ+wIKgQT1BN4F/gWyBpfBAsfBApvLAvPnAu/xAgA=,AAECAYO6AgaIBfzBAobCAoDTAs/hAsPqAgzEAZwC7QKfA5sF1AWGCZfBAsfTAtvjAvbsAuL4AgA=,
Rdu,AAECAZICClbpAbQDxQTeBcQGmdMCm+gC5PsC9fwCCkBf0wPkCKDNAofOApjSAp7SAtvTAr/yAgA=,AAECAYO6AgSvBJ74AuL4Auf6Ag2MAssD1AXzBfUF3QiBwgKfwgLrwgLKwwLR4QKL5QKm7wIA,AAECAfqUAwT3BMrDApziAo+CAw0whAHOB8II9wybywL3zQKfzgLy0ALR4QKH6AL09wLT+AIA,AAECAf0EBHGrBKLTAu72Ag27ApUDtATmBJYF7AWWBsHBApjEAo/TAvvsApX/Arn/AgA=,
Thijs,AAECAZICClbpAbQDxQTeBcQGmdMCm+gC5PsC9fwCCkBf0wPkCKDNAofOApjSAp7SAtvTAr/yAgA=,AAECAaIHBK8EnvgC4vgC5/oCDYwCywPUBfMF9QXdCIHCAp/CAuvCAsrDAtHhAovlAqbvAgA=,AAECAfqUAwT3BMrDApziAo+CAw0whAHOB8II9wybywL3zQKfzgLy0ALR4QKH6AL09wLT+AIA,AAECAf0EBHGrBKLTAu72Ag27ApUDtATmBJYF7AWWBsHBApjEAo/TAvvsApX/Arn/AgA=,
Trunks,AAECAaoICN4F+wzTxQKr5wLD6gKn7gLv9wKZ+wILgQT1BP4F/wWyBvYHl8ECx8ECm8sC8+cC7/ECAA==,AAECAR8K+AjGwgLKwwLTxQKG0wKc4gK26gLL7AKA8wKggAMKjQGXCKvCAtjCApzNAt3SAovhAuHjAvLxArn4AgA=,AAECAf0GBpMB+wegzgKX0wLL7ALN9AIM8gX7BooHtgfhB40I58sCps4C8dAC/dACiNIC2OUCAA==,AAECAZICCFb+AZnTApvoAv3rApruAuT7AvX8AgtAX+kB3gXkCKDNAofOApjSAp7SAtvTAr/yAgA=,
Xhope,AAECAaIHBogF/MEChsICgNMCz+ECw+oCDMQBnALtAp8DmwXUBYYJl8ECx9MC2+MC9uwC4vgCAA==,AAECAZICBI7QApnTAuL4AvX8Ag1AX/0C9wPmBeQIm8sCoM0Ch84CmNICntIC29MC1+8CAA==,AAECAcn1AgiTBIoHycICl9MCneIC2OcC2+kCnPgCC4oB9wS2B+EH58sC8tAC+NACiNICi+EC/OUC6OcCAA==,AAECAR8I3gX4CNPFAobTApziArbqAsvsAoDzAguNAZcIq8IC2MICm8sCnM0C3dICi+EC4eMC8vECufgCAA==,
XiaoT,AAECAf0EBHHtBaLTAu72Ag27ApUDqwS0BOYElgXsBcHBApjEAo/TAvvsApX/Arn/AgA=,AAECAf0GBq8E8wWc4gLv8QL09wKPggMMMIQBzgfCCPcMm8sC980Cn84C8tAC0eECh+gC0/gCAA==,AAECAR8EogKvBJXOAp74Ag2NAagCtQPUBe0GlwjbCf4MrcIC68IC4eMCi+UC5e8CAA==,AAECAaIHBLICrwSe+ALn+gINjALLA9QF8wX1Bd0IgcICn8IC68IC0eECi+UCpu8C4vgCAA==,
